"OBJECTID","ID_0","ISO","NAME_0","ID_1","NAME_1","ID_2","NAME_2","ID_3","NAME_3","CCN_3","CCA_3","TYPE_3","ENGTYPE_3","NL_NAME_3","VARNAME_3"
1,154,"MMR","Myanmar",1,"Ayeyarwady",1,"Bassein",1,"Bassein West",NA,"","Village|Township","Village|Township","",""
2,154,"MMR","Myanmar",1,"Ayeyarwady",1,"Bassein",2,"Kyaunggon",NA,"","Village|Township","Village|Township","",""
3,154,"MMR","Myanmar",1,"Ayeyarwady",1,"Bassein",3,"Kyonpyaw",NA,"","Village|Township","Village|Township","",""
4,154,"MMR","Myanmar",1,"Ayeyarwady",1,"Bassein",4,"Ngaputaw",NA,"","Village|Township","Village|Township","",""
5,154,"MMR","Myanmar",1,"Ayeyarwady",1,"Bassein",5,"Thabaung",NA,"","Village|Township","Village|Township","",""
6,154,"MMR","Myanmar",1,"Ayeyarwady",1,"Bassein",6,"Yegyi",NA,"","Village|Township","Village|Township","",""
7,154,"MMR","Myanmar",1,"Ayeyarwady",2,"Hinthada",7,"Danubyu",NA,"","Village|Township","Village|Township","",""
8,154,"MMR","Myanmar",1,"Ayeyarwady",2,"Hinthada",8,"Henzada",NA,"","Village|Township","Village|Township","","Hinthada"
9,154,"MMR","Myanmar",1,"Ayeyarwady",2,"Hinthada",9,"Ingapu",NA,"","Village|Township","Village|Township","",""
10,154,"MMR","Myanmar",1,"Ayeyarwady",2,"Hinthada",10,"Kyangin",NA,"","Village|Township","Village|Township","","Kyankhin"
11,154,"MMR","Myanmar",1,"Ayeyarwady",2,"Hinthada",11,"Lemyethna",NA,"","Village|Township","Village|Township","","Laymyethna"
12,154,"MMR","Myanmar",1,"Ayeyarwady",2,"Hinthada",12,"Myanaung",NA,"","Village|Township","Village|Township","",""
13,154,"MMR","Myanmar",1,"Ayeyarwady",2,"Hinthada",13,"Zalun",NA,"","Village|Township","Village|Township","",""
14,154,"MMR","Myanmar",1,"Ayeyarwady",3,"Maubin",14,"Danubyu",NA,"","Village|Township","Village|Township","","Danuphyu"
15,154,"MMR","Myanmar",1,"Ayeyarwady",3,"Maubin",15,"Irrawaddy",NA,"","Village|Township","Village|Township","",""
16,154,"MMR","Myanmar",1,"Ayeyarwady",3,"Maubin",16,"Ma-Ubin",NA,"","Village|Township","Village|Township","","Maubin"
17,154,"MMR","Myanmar",1,"Ayeyarwady",3,"Maubin",17,"Pantanaw",NA,"","Village|Township","Village|Township","",""
18,154,"MMR","Myanmar",1,"Ayeyarwady",3,"Maubin",18,"Yandoon",NA,"","Village|Township","Village|Township","","Nyaungdon"
19,154,"MMR","Myanmar",1,"Ayeyarwady",4,"Myoungmya",19,"Einme",NA,"","Village|Township","Village|Township","",""
20,154,"MMR","Myanmar",1,"Ayeyarwady",4,"Myoungmya",20,"Labutta",NA,"","Village|Township","Village|Township","",""
21,154,"MMR","Myanmar",1,"Ayeyarwady",4,"Myoungmya",21,"Moulmeingyun",NA,"","Village|Township","Village|Township","","Mawlamyinegyun"
22,154,"MMR","Myanmar",1,"Ayeyarwady",4,"Myoungmya",22,"Myaungmya",NA,"","Village|Township","Village|Township","",""
23,154,"MMR","Myanmar",1,"Ayeyarwady",4,"Myoungmya",23,"Wakema",NA,"","Village|Township","Village|Township","",""
24,154,"MMR","Myanmar",1,"Ayeyarwady",5,"Pharpon",24,"Bogale",NA,"","Village|Township","Village|Township","","Bogalay"
25,154,"MMR","Myanmar",1,"Ayeyarwady",5,"Pharpon",25,"Dedaye",NA,"","Village|Township","Village|Township","",""
26,154,"MMR","Myanmar",1,"Ayeyarwady",5,"Pharpon",26,"Kyaiklat",NA,"","Village|Township","Village|Township","",""
27,154,"MMR","Myanmar",1,"Ayeyarwady",5,"Pharpon",27,"Pyapon",NA,"","Village|Township","Village|Township","",""
28,154,"MMR","Myanmar",2,"Bago",6,"Pegu",28,"Bago (Pegu)",NA,"","Village|Township","Village|Township","",""
29,154,"MMR","Myanmar",2,"Bago",6,"Pegu",29,"Daik-U",NA,"","Village|Township","Village|Township","",""
30,154,"MMR","Myanmar",2,"Bago",6,"Pegu",30,"Kawa",NA,"","Village|Township","Village|Township","",""
31,154,"MMR","Myanmar",2,"Bago",6,"Pegu",31,"Kyauktaga",NA,"","Village|Township","Village|Township","",""
32,154,"MMR","Myanmar",2,"Bago",6,"Pegu",32,"Nyaungiebin",NA,"","Village|Township","Village|Township","",""
33,154,"MMR","Myanmar",2,"Bago",6,"Pegu",33,"Shwegyin",NA,"","Village|Township","Village|Township","",""
34,154,"MMR","Myanmar",2,"Bago",6,"Pegu",34,"Thanatpin",NA,"","Village|Township","Village|Township","",""
35,154,"MMR","Myanmar",2,"Bago",6,"Pegu",35,"Waw",NA,"","Village|Township","Village|Township","",""
36,154,"MMR","Myanmar",2,"Bago",7,"Pyay",36,"Padaung",NA,"","Village|Township","Village|Township","",""
37,154,"MMR","Myanmar",2,"Bago",7,"Pyay",37,"Paukkaung",NA,"","Village|Township","Village|Township","",""
38,154,"MMR","Myanmar",2,"Bago",7,"Pyay",38,"Paungde",NA,"","Village|Township","Village|Township","",""
39,154,"MMR","Myanmar",2,"Bago",7,"Pyay",39,"Prome",NA,"","Village|Township","Village|Township","",""
40,154,"MMR","Myanmar",2,"Bago",7,"Pyay",40,"Shwedaung",NA,"","Village|Township","Village|Township","",""
41,154,"MMR","Myanmar",2,"Bago",7,"Pyay",41,"Thegon",NA,"","Village|Township","Village|Township","",""
42,154,"MMR","Myanmar",2,"Bago",8,"Taungoo",42,"Kyaukki",NA,"","Village|Township","Village|Township","",""
43,154,"MMR","Myanmar",2,"Bago",8,"Taungoo",43,"Oktwin",NA,"","Village|Township","Village|Township","",""
44,154,"MMR","Myanmar",2,"Bago",8,"Taungoo",44,"Pyu",NA,"","Village|Township","Village|Township","",""
45,154,"MMR","Myanmar",2,"Bago",8,"Taungoo",45,"Tantabin",NA,"","Village|Township","Village|Township","",""
46,154,"MMR","Myanmar",2,"Bago",8,"Taungoo",46,"Thoungoo",NA,"","Village|Township","Village|Township","",""
47,154,"MMR","Myanmar",2,"Bago",8,"Taungoo",47,"Yedashe",NA,"","Village|Township","Village|Township","",""
48,154,"MMR","Myanmar",2,"Bago",9,"Thayarwady",48,"Gyobingauk",NA,"","Village|Township","Village|Township","",""
49,154,"MMR","Myanmar",2,"Bago",9,"Thayarwady",49,"Letpatan",NA,"","Village|Township","Village|Township","",""
50,154,"MMR","Myanmar",2,"Bago",9,"Thayarwady",50,"Minhla",NA,"","Village|Township","Village|Township","",""
51,154,"MMR","Myanmar",2,"Bago",9,"Thayarwady",51,"Monyo",NA,"","Village|Township","Village|Township","",""
52,154,"MMR","Myanmar",2,"Bago",9,"Thayarwady",52,"Nattalin",NA,"","Village|Township","Village|Township","",""
53,154,"MMR","Myanmar",2,"Bago",9,"Thayarwady",53,"Okpo",NA,"","Village|Township","Village|Township","",""
54,154,"MMR","Myanmar",2,"Bago",9,"Thayarwady",54,"Tharrawaddy",NA,"","Village|Township","Village|Township","",""
55,154,"MMR","Myanmar",2,"Bago",9,"Thayarwady",55,"Zigon",NA,"","Village|Township","Village|Township","",""
56,154,"MMR","Myanmar",3,"Chin",10,"Mindat",56,"Kanpetlet",NA,"","Village|Township","Village|Township","",""
57,154,"MMR","Myanmar",3,"Chin",10,"Mindat",57,"Matupi",NA,"","Village|Township","Village|Township","",""
58,154,"MMR","Myanmar",3,"Chin",10,"Mindat",58,"Mindat",NA,"","Village|Township","Village|Township","",""
59,154,"MMR","Myanmar",3,"Chin",10,"Mindat",59,"Paletwa",NA,"","Village|Township","Village|Township","",""
60,154,"MMR","Myanmar",3,"Chin",11,"Palam",60,"Falam",NA,"","Village|Township","Village|Township","",""
61,154,"MMR","Myanmar",3,"Chin",11,"Palam",61,"Haka",NA,"","Village|Township","Village|Township","",""
62,154,"MMR","Myanmar",3,"Chin",11,"Palam",62,"Thlangtlang",NA,"","Village|Township","Village|Township","","Htlantlang"
63,154,"MMR","Myanmar",3,"Chin",11,"Palam",63,"Tiddim",NA,"","Village|Township","Village|Township","","Tedim"
64,154,"MMR","Myanmar",3,"Chin",11,"Palam",64,"Tonzang",NA,"","Village|Township","Village|Township","",""
65,154,"MMR","Myanmar",4,"Kachin",12,"Bhamo",65,"Bhamo",NA,"","Village|Township","Village|Township","",""
66,154,"MMR","Myanmar",4,"Kachin",12,"Bhamo",66,"Mansi",NA,"","Village|Township","Village|Township","",""
67,154,"MMR","Myanmar",4,"Kachin",12,"Bhamo",67,"Momauk",NA,"","Village|Township","Village|Township","",""
68,154,"MMR","Myanmar",4,"Kachin",12,"Bhamo",68,"Shwegu",NA,"","Village|Township","Village|Township","",""
69,154,"MMR","Myanmar",4,"Kachin",13,"Myitkyina",69,"Chipwi",NA,"","Village|Township","Village|Township","",""
70,154,"MMR","Myanmar",4,"Kachin",13,"Myitkyina",70,"Hsawlaw",NA,"","Village|Township","Village|Township","",""
71,154,"MMR","Myanmar",4,"Kachin",13,"Myitkyina",71,"Kamaing",NA,"","Village|Township","Village|Township","",""
72,154,"MMR","Myanmar",4,"Kachin",13,"Myitkyina",72,"Mogaung",NA,"","Village|Township","Village|Township","",""
73,154,"MMR","Myanmar",4,"Kachin",13,"Myitkyina",73,"Mohnyin",NA,"","Village|Township","Village|Township","",""
74,154,"MMR","Myanmar",4,"Kachin",13,"Myitkyina",74,"Myitkyina",NA,"","Village|Township","Village|Township","",""
75,154,"MMR","Myanmar",4,"Kachin",13,"Myitkyina",75,"Njangyang",NA,"","Village|Township","Village|Township","",""
76,154,"MMR","Myanmar",4,"Kachin",13,"Myitkyina",76,"Tanai",NA,"","Village|Township","Village|Township","",""
77,154,"MMR","Myanmar",4,"Kachin",13,"Myitkyina",77,"Waingmaw",NA,"","Village|Township","Village|Township","",""
78,154,"MMR","Myanmar",4,"Kachin",14,"Putao",78,"Khawbude",NA,"","Village|Township","Village|Township","",""
79,154,"MMR","Myanmar",4,"Kachin",14,"Putao",79,"Machanbaw",NA,"","Village|Township","Village|Township","",""
80,154,"MMR","Myanmar",4,"Kachin",14,"Putao",80,"Nogmung",NA,"","Village|Township","Village|Township","",""
81,154,"MMR","Myanmar",4,"Kachin",14,"Putao",81,"Putao",NA,"","Village|Township","Village|Township","",""
82,154,"MMR","Myanmar",4,"Kachin",14,"Putao",82,"Sumpranbum",NA,"","Village|Township","Village|Township","",""
83,154,"MMR","Myanmar",5,"Kayah",15,"Bawlake",83,"Bawlakhe",NA,"","Village|Township","Village|Township","",""
84,154,"MMR","Myanmar",5,"Kayah",15,"Bawlake",84,"Pasawng",NA,"","Village|Township","Village|Township","",""
85,154,"MMR","Myanmar",5,"Kayah",16,"Loikaw",85,"Dimawhso",NA,"","Village|Township","Village|Township","",""
86,154,"MMR","Myanmar",5,"Kayah",16,"Loikaw",86,"Hsataw",NA,"","Village|Township","Village|Township","",""
87,154,"MMR","Myanmar",5,"Kayah",16,"Loikaw",87,"Loi-Kaw",NA,"","Village|Township","Village|Township","",""
88,154,"MMR","Myanmar",5,"Kayah",16,"Loikaw",88,"Phruhso",NA,"","Village|Township","Village|Township","",""
89,154,"MMR","Myanmar",6,"Kayin",17,"Hpa-an",89,"Kawkareik",NA,"","Village|Township","Village|Township","",""
90,154,"MMR","Myanmar",6,"Kayin",17,"Hpa-an",90,"Kya-In Seikkyi",NA,"","Village|Township","Village|Township","",""
91,154,"MMR","Myanmar",6,"Kayin",18,"Kawkareik",91,"Hlaingbwe",NA,"","Village|Township","Village|Township","",""
92,154,"MMR","Myanmar",6,"Kayin",18,"Kawkareik",92,"Pa-An",NA,"","Village|Township","Village|Township","",""
93,154,"MMR","Myanmar",6,"Kayin",18,"Kawkareik",93,"Papun",NA,"","Village|Township","Village|Township","",""
94,154,"MMR","Myanmar",6,"Kayin",18,"Kawkareik",94,"Thandaung",NA,"","Village|Township","Village|Township","",""
95,154,"MMR","Myanmar",6,"Kayin",19,"Myawady",95,"Myawadi",NA,"","Village|Township","Village|Township","",""
96,154,"MMR","Myanmar",7,"Magway",20,"Magwe Minbu",96,"Chauk",NA,"","Village|Township","Village|Township","",""
97,154,"MMR","Myanmar",7,"Magway",20,"Magwe Minbu",97,"Magwe",NA,"","Village|Township","Village|Township","",""
98,154,"MMR","Myanmar",7,"Magway",20,"Magwe Minbu",98,"Myothit",NA,"","Village|Township","Village|Township","",""
99,154,"MMR","Myanmar",7,"Magway",20,"Magwe Minbu",99,"Natmauk",NA,"","Village|Township","Village|Township","",""
100,154,"MMR","Myanmar",7,"Magway",20,"Magwe Minbu",100,"Taungdwingyi",NA,"","Village|Township","Village|Township","",""
101,154,"MMR","Myanmar",7,"Magway",20,"Magwe Minbu",101,"Yenangyaung",NA,"","Village|Township","Village|Township","",""
102,154,"MMR","Myanmar",7,"Magway",21,"Minbu",102,"Minbu (Sagu)",NA,"","Village|Township","Village|Township","",""
103,154,"MMR","Myanmar",7,"Magway",21,"Minbu",103,"Ngape",NA,"","Village|Township","Village|Township","",""
104,154,"MMR","Myanmar",7,"Magway",21,"Minbu",104,"Pwinbyu",NA,"","Village|Township","Village|Township","",""
105,154,"MMR","Myanmar",7,"Magway",21,"Minbu",105,"Salin",NA,"","Village|Township","Village|Township","",""
106,154,"MMR","Myanmar",7,"Magway",21,"Minbu",106,"Sidoktaya",NA,"","Village|Township","Village|Township","",""
107,154,"MMR","Myanmar",7,"Magway",22,"Pakokku",107,"Gangaw",NA,"","Village|Township","Village|Township","",""
108,154,"MMR","Myanmar",7,"Magway",22,"Pakokku",108,"Htilin",NA,"","Village|Township","Village|Township","",""
109,154,"MMR","Myanmar",7,"Magway",22,"Pakokku",109,"Myaing",NA,"","Village|Township","Village|Township","",""
110,154,"MMR","Myanmar",7,"Magway",22,"Pakokku",110,"Pakokku",NA,"","Village|Township","Village|Township","",""
111,154,"MMR","Myanmar",7,"Magway",22,"Pakokku",111,"Pauk",NA,"","Village|Township","Village|Township","",""
112,154,"MMR","Myanmar",7,"Magway",22,"Pakokku",112,"Saw",NA,"","Village|Township","Village|Township","",""
113,154,"MMR","Myanmar",7,"Magway",22,"Pakokku",113,"Seikpyu",NA,"","Village|Township","Village|Township","",""
114,154,"MMR","Myanmar",7,"Magway",22,"Pakokku",114,"Yesagyo",NA,"","Village|Township","Village|Township","",""
115,154,"MMR","Myanmar",7,"Magway",23,"Thayetmyo",115,"Kama",NA,"","Village|Township","Village|Township","",""
116,154,"MMR","Myanmar",7,"Magway",23,"Thayetmyo",116,"Mindon",NA,"","Village|Township","Village|Township","",""
117,154,"MMR","Myanmar",7,"Magway",23,"Thayetmyo",117,"Minhla",NA,"","Village|Township","Village|Township","",""
118,154,"MMR","Myanmar",7,"Magway",23,"Thayetmyo",118,"Myayde (Aunglan)",NA,"","Village|Township","Village|Township","",""
119,154,"MMR","Myanmar",7,"Magway",23,"Thayetmyo",119,"Sinbaungwe (Tantabin)",NA,"","Village|Township","Village|Township","",""
120,154,"MMR","Myanmar",7,"Magway",23,"Thayetmyo",120,"Thayet",NA,"","Village|Township","Village|Township","",""
121,154,"MMR","Myanmar",8,"Mandalay",24,"Kyaukse",121,"Kyaukse",NA,"","Village|Township","Village|Township","",""
122,154,"MMR","Myanmar",8,"Mandalay",24,"Kyaukse",122,"Myitha",NA,"","Village|Township","Village|Township","",""
123,154,"MMR","Myanmar",8,"Mandalay",24,"Kyaukse",123,"Singaing",NA,"","Village|Township","Village|Township","",""
124,154,"MMR","Myanmar",8,"Mandalay",24,"Kyaukse",124,"Tada-U",NA,"","Village|Township","Village|Township","",""
125,154,"MMR","Myanmar",8,"Mandalay",25,"Mandalay",125,"Amarapura",NA,"","Village|Township","Village|Township","",""
126,154,"MMR","Myanmar",8,"Mandalay",25,"Mandalay",126,"Mandalay",NA,"","Village|Township","Village|Township","",""
127,154,"MMR","Myanmar",8,"Mandalay",25,"Mandalay",127,"Maymyo",NA,"","Village|Township","Village|Township","",""
128,154,"MMR","Myanmar",8,"Mandalay",25,"Mandalay",128,"Patheingyi",NA,"","Village|Township","Village|Township","",""
129,154,"MMR","Myanmar",8,"Mandalay",26,"Meiktila",129,"Meiktila",NA,"","Village|Township","Village|Township","",""
130,154,"MMR","Myanmar",8,"Mandalay",26,"Meiktila",130,"Pyawbwe",NA,"","Village|Township","Village|Township","",""
131,154,"MMR","Myanmar",8,"Mandalay",26,"Meiktila",131,"Thazi",NA,"","Village|Township","Village|Township","",""
132,154,"MMR","Myanmar",8,"Mandalay",26,"Meiktila",132,"Wudwin",NA,"","Village|Township","Village|Township","",""
133,154,"MMR","Myanmar",8,"Mandalay",27,"Myingyan",133,"Kyaukpadaung",NA,"","Village|Township","Village|Township","",""
134,154,"MMR","Myanmar",8,"Mandalay",27,"Myingyan",134,"Mahlaing",NA,"","Village|Township","Village|Township","",""
135,154,"MMR","Myanmar",8,"Mandalay",27,"Myingyan",135,"Myingyan",NA,"","Village|Township","Village|Township","",""
136,154,"MMR","Myanmar",8,"Mandalay",27,"Myingyan",136,"Natogyi",NA,"","Village|Township","Village|Township","",""
137,154,"MMR","Myanmar",8,"Mandalay",27,"Myingyan",137,"Nyaungu",NA,"","Village|Township","Village|Township","",""
138,154,"MMR","Myanmar",8,"Mandalay",27,"Myingyan",138,"Taungtha",NA,"","Village|Township","Village|Township","",""
139,154,"MMR","Myanmar",8,"Mandalay",28,"Pyin-Oo-Lwin",139,"Madaya",NA,"","Village|Township","Village|Township","",""
140,154,"MMR","Myanmar",8,"Mandalay",28,"Pyin-Oo-Lwin",140,"Mogok",NA,"","Village|Township","Village|Township","",""
141,154,"MMR","Myanmar",8,"Mandalay",28,"Pyin-Oo-Lwin",141,"Singu",NA,"","Village|Township","Village|Township","",""
142,154,"MMR","Myanmar",8,"Mandalay",28,"Pyin-Oo-Lwin",142,"Thabeikkyin",NA,"","Village|Township","Village|Township","",""
143,154,"MMR","Myanmar",8,"Mandalay",29,"Yamethin",143,"Lewe",NA,"","Village|Township","Village|Township","",""
144,154,"MMR","Myanmar",8,"Mandalay",29,"Yamethin",144,"Pyinmana",NA,"","Village|Township","Village|Township","",""
145,154,"MMR","Myanmar",8,"Mandalay",29,"Yamethin",145,"Tatkon",NA,"","Village|Township","Village|Township","",""
146,154,"MMR","Myanmar",8,"Mandalay",29,"Yamethin",146,"Yamethin",NA,"","Village|Township","Village|Township","",""
147,154,"MMR","Myanmar",9,"Mon",30,"Mawlamyine",147,"Chaungzon",NA,"","Village|Township","Village|Township","",""
148,154,"MMR","Myanmar",9,"Mon",30,"Mawlamyine",148,"Kyaikmaraw",NA,"","Village|Township","Village|Township","",""
149,154,"MMR","Myanmar",9,"Mon",30,"Mawlamyine",149,"Moulmein",NA,"","Village|Township","Village|Township","","Mawlamyine"
150,154,"MMR","Myanmar",9,"Mon",30,"Mawlamyine",150,"Mudon",NA,"","Village|Township","Village|Township","",""
151,154,"MMR","Myanmar",9,"Mon",30,"Mawlamyine",151,"Thanbyuzayat",NA,"","Village|Township","Village|Township","",""
152,154,"MMR","Myanmar",9,"Mon",30,"Mawlamyine",152,"Ye",NA,"","Village|Township","Village|Township","",""
153,154,"MMR","Myanmar",9,"Mon",31,"Thaton",153,"Bilin",NA,"","Village|Township","Village|Township","",""
154,154,"MMR","Myanmar",9,"Mon",31,"Thaton",154,"Kyaikto",NA,"","Village|Township","Village|Township","",""
155,154,"MMR","Myanmar",9,"Mon",31,"Thaton",155,"Paung",NA,"","Village|Township","Village|Township","",""
156,154,"MMR","Myanmar",9,"Mon",31,"Thaton",156,"Thaton",NA,"","Village|Township","Village|Township","",""
157,154,"MMR","Myanmar",10,"Naypyitaw",32,"Naypyitaw",157,"Pyinmana",NA,"","Village|Township","Village|Township","",""
158,154,"MMR","Myanmar",11,"Rakhine",33,"Buthidaung",158,"Buthidaung",NA,"","Village|Township","Village|Township","",""
159,154,"MMR","Myanmar",11,"Rakhine",33,"Buthidaung",159,"Ponnagyun & Rathedaung",NA,"","Village|Township","Village|Township","",""
160,154,"MMR","Myanmar",11,"Rakhine",33,"Buthidaung",160,"Sittwe (Akyab)",NA,"","Village|Township","Village|Township","",""
161,154,"MMR","Myanmar",11,"Rakhine",34,"Kyaunkpyu",161,"An",NA,"","Village|Township","Village|Township","",""
162,154,"MMR","Myanmar",11,"Rakhine",34,"Kyaunkpyu",162,"Kyaukpyu",NA,"","Village|Township","Village|Township","",""
163,154,"MMR","Myanmar",11,"Rakhine",34,"Kyaunkpyu",163,"Man Aung",NA,"","Village|Township","Village|Township","",""
164,154,"MMR","Myanmar",11,"Rakhine",34,"Kyaunkpyu",164,"Ramree",NA,"","Village|Township","Village|Township","",""
165,154,"MMR","Myanmar",11,"Rakhine",35,"Maungtaw",165,"Maungdaw",NA,"","Village|Township","Village|Township","",""
166,154,"MMR","Myanmar",11,"Rakhine",36,"Sittwe",166,"Kyauktaw",NA,"","Village|Township","Village|Township","",""
167,154,"MMR","Myanmar",11,"Rakhine",36,"Sittwe",167,"Minbya",NA,"","Village|Township","Village|Township","",""
168,154,"MMR","Myanmar",11,"Rakhine",36,"Sittwe",168,"Mrauk-Oo",NA,"","Village|Township","Village|Township","",""
169,154,"MMR","Myanmar",11,"Rakhine",36,"Sittwe",169,"Myebon",NA,"","Village|Township","Village|Township","",""
170,154,"MMR","Myanmar",11,"Rakhine",36,"Sittwe",170,"Pauktaw",NA,"","Village|Township","Village|Township","",""
171,154,"MMR","Myanmar",11,"Rakhine",37,"Thandwe",171,"Arakan (Sandoway)",NA,"","Village|Township","Village|Township","",""
172,154,"MMR","Myanmar",11,"Rakhine",37,"Thandwe",172,"Gwa",NA,"","Village|Township","Village|Township","",""
173,154,"MMR","Myanmar",11,"Rakhine",37,"Thandwe",173,"Taungup",NA,"","Village|Township","Village|Township","",""
174,154,"MMR","Myanmar",12,"Sagaing",38,"Hkamti",174,"Homalin",NA,"","Village|Township","Village|Township","",""
175,154,"MMR","Myanmar",12,"Sagaing",38,"Hkamti",175,"Khamti",NA,"","Village|Township","Village|Township","",""
176,154,"MMR","Myanmar",12,"Sagaing",38,"Hkamti",176,"Lahe",NA,"","Village|Township","Village|Township","",""
177,154,"MMR","Myanmar",12,"Sagaing",38,"Hkamti",177,"Lashe",NA,"","Village|Township","Village|Township","",""
178,154,"MMR","Myanmar",12,"Sagaing",38,"Hkamti",178,"Nanyun",NA,"","Village|Township","Village|Township","",""
179,154,"MMR","Myanmar",12,"Sagaing",39,"Kalemyo",179,"Kale",NA,"","Village|Township","Village|Township","",""
180,154,"MMR","Myanmar",12,"Sagaing",39,"Kalemyo",180,"Kalewa",NA,"","Village|Township","Village|Township","",""
181,154,"MMR","Myanmar",12,"Sagaing",39,"Kalemyo",181,"Mingin",NA,"","Village|Township","Village|Township","",""
182,154,"MMR","Myanmar",12,"Sagaing",40,"Katha",182,"Banmauk",NA,"","Village|Township","Village|Township","",""
183,154,"MMR","Myanmar",12,"Sagaing",40,"Katha",183,"Indaw",NA,"","Village|Township","Village|Township","",""
184,154,"MMR","Myanmar",12,"Sagaing",40,"Katha",184,"Katha",NA,"","Village|Township","Village|Township","",""
185,154,"MMR","Myanmar",12,"Sagaing",40,"Katha",185,"Kawlin",NA,"","Village|Township","Village|Township","",""
186,154,"MMR","Myanmar",12,"Sagaing",40,"Katha",186,"Pinlebu",NA,"","Village|Township","Village|Township","",""
187,154,"MMR","Myanmar",12,"Sagaing",40,"Katha",187,"Tigyaing",NA,"","Village|Township","Village|Township","",""
188,154,"MMR","Myanmar",12,"Sagaing",40,"Katha",188,"Wuntho",NA,"","Village|Township","Village|Township","",""
189,154,"MMR","Myanmar",12,"Sagaing",41,"Mawleik",189,"Mawlaik",NA,"","Village|Township","Village|Township","",""
190,154,"MMR","Myanmar",12,"Sagaing",41,"Mawleik",190,"Phaungbyin",NA,"","Village|Township","Village|Township","",""
191,154,"MMR","Myanmar",12,"Sagaing",42,"Monywa",191,"Ayadaw",NA,"","Village|Township","Village|Township","",""
192,154,"MMR","Myanmar",12,"Sagaing",42,"Monywa",192,"Budalin",NA,"","Village|Township","Village|Township","",""
193,154,"MMR","Myanmar",12,"Sagaing",42,"Monywa",193,"Chaung-U",NA,"","Village|Township","Village|Township","",""
194,154,"MMR","Myanmar",12,"Sagaing",42,"Monywa",194,"Kani",NA,"","Village|Township","Village|Township","",""
195,154,"MMR","Myanmar",12,"Sagaing",42,"Monywa",195,"Monywa",NA,"","Village|Township","Village|Township","",""
196,154,"MMR","Myanmar",12,"Sagaing",42,"Monywa",196,"Pale",NA,"","Village|Township","Village|Township","",""
197,154,"MMR","Myanmar",12,"Sagaing",42,"Monywa",197,"Salingyi",NA,"","Village|Township","Village|Township","",""
198,154,"MMR","Myanmar",12,"Sagaing",42,"Monywa",198,"Yinmabin",NA,"","Village|Township","Village|Township","",""
199,154,"MMR","Myanmar",12,"Sagaing",43,"Sagaing",199,"Myaung",NA,"","Village|Township","Village|Township","",""
200,154,"MMR","Myanmar",12,"Sagaing",43,"Sagaing",200,"Myinmu",NA,"","Village|Township","Village|Township","",""
201,154,"MMR","Myanmar",12,"Sagaing",43,"Sagaing",201,"Ngazun",NA,"","Village|Township","Village|Township","",""
202,154,"MMR","Myanmar",12,"Sagaing",43,"Sagaing",202,"Sagaing",NA,"","Village|Township","Village|Township","",""
203,154,"MMR","Myanmar",12,"Sagaing",44,"Shwebo",203,"Kanbalu",NA,"","Village|Township","Village|Township","",""
204,154,"MMR","Myanmar",12,"Sagaing",44,"Shwebo",204,"Khin-U",NA,"","Village|Township","Village|Township","",""
205,154,"MMR","Myanmar",12,"Sagaing",44,"Shwebo",205,"Kyunhla",NA,"","Village|Township","Village|Township","",""
206,154,"MMR","Myanmar",12,"Sagaing",44,"Shwebo",206,"Shwebo",NA,"","Village|Township","Village|Township","",""
207,154,"MMR","Myanmar",12,"Sagaing",44,"Shwebo",207,"Tabayin",NA,"","Village|Township","Village|Township","",""
208,154,"MMR","Myanmar",12,"Sagaing",44,"Shwebo",208,"Tantabin",NA,"","Village|Township","Village|Township","",""
209,154,"MMR","Myanmar",12,"Sagaing",44,"Shwebo",209,"Taze",NA,"","Village|Township","Village|Township","",""
210,154,"MMR","Myanmar",12,"Sagaing",44,"Shwebo",210,"Wetlet",NA,"","Village|Township","Village|Township","",""
211,154,"MMR","Myanmar",12,"Sagaing",44,"Shwebo",211,"Ye-U",NA,"","Village|Township","Village|Township","",""
212,154,"MMR","Myanmar",12,"Sagaing",45,"Tamu",212,"Tamu",NA,"","Village|Township","Village|Township","",""
213,154,"MMR","Myanmar",13,"Shan",46,"Kengtung",213,"Keng Tung",NA,"","Village|Township","Village|Township","","Kengtung"
214,154,"MMR","Myanmar",13,"Shan",46,"Kengtung",214,"Mong Yang",NA,"","Village|Township","Village|Township","",""
215,154,"MMR","Myanmar",13,"Shan",46,"Kengtung",215,"Mongkhak",NA,"","Village|Township","Village|Township","","Mong Khet"
216,154,"MMR","Myanmar",13,"Shan",47,"Kunlong",216,"Ho-Pang",NA,"","Village|Township","Village|Township","","Hopang"
217,154,"MMR","Myanmar",13,"Shan",47,"Kunlong",217,"Kunlong",NA,"","Village|Township","Village|Township","",""
218,154,"MMR","Myanmar",13,"Shan",48,"Kyaukme",218,"Hsipaw",NA,"","Village|Township","Village|Township","",""
219,154,"MMR","Myanmar",13,"Shan",48,"Kyaukme",219,"Kyaukme",NA,"","Village|Township","Village|Township","",""
220,154,"MMR","Myanmar",13,"Shan",48,"Kyaukme",220,"Mabein",NA,"","Village|Township","Village|Township","",""
221,154,"MMR","Myanmar",13,"Shan",48,"Kyaukme",221,"Mong Mit",NA,"","Village|Township","Village|Township","",""
222,154,"MMR","Myanmar",13,"Shan",48,"Kyaukme",222,"Namhsan",NA,"","Village|Township","Village|Township","",""
223,154,"MMR","Myanmar",13,"Shan",48,"Kyaukme",223,"Namtu",NA,"","Village|Township","Village|Township","",""
224,154,"MMR","Myanmar",13,"Shan",48,"Kyaukme",224,"Nawnghkio",NA,"","Village|Township","Village|Township","",""
225,154,"MMR","Myanmar",13,"Shan",49,"Lasho",225,"Hsenwi",NA,"","Village|Township","Village|Township","","Hseni"
226,154,"MMR","Myanmar",13,"Shan",49,"Lasho",226,"Lashio",NA,"","Village|Township","Village|Township","",""
227,154,"MMR","Myanmar",13,"Shan",49,"Lasho",227,"Man Hpang",NA,"","Village|Township","Village|Township","",""
228,154,"MMR","Myanmar",13,"Shan",49,"Lasho",228,"Mong Mao",NA,"","Village|Township","Village|Township","",""
229,154,"MMR","Myanmar",13,"Shan",49,"Lasho",229,"Mong Yai",NA,"","Village|Township","Village|Township","",""
230,154,"MMR","Myanmar",13,"Shan",49,"Lasho",230,"Nampan",NA,"","Village|Township","Village|Township","",""
231,154,"MMR","Myanmar",13,"Shan",49,"Lasho",231,"Pang-Yang",NA,"","Village|Township","Village|Township","",""
232,154,"MMR","Myanmar",13,"Shan",49,"Lasho",232,"Pangwaum",NA,"","Village|Township","Village|Township","",""
233,154,"MMR","Myanmar",13,"Shan",49,"Lasho",233,"Tangyan",NA,"","Village|Township","Village|Township","",""
234,154,"MMR","Myanmar",13,"Shan",50,"Lauking",234,"Kong-Kyan",NA,"","Village|Township","Village|Township","",""
235,154,"MMR","Myanmar",13,"Shan",51,"Loilen",235,"Ke-Hsi",NA,"","Village|Township","Village|Township","",""
236,154,"MMR","Myanmar",13,"Shan",51,"Loilen",236,"Kunhing",NA,"","Village|Township","Village|Township","",""
237,154,"MMR","Myanmar",13,"Shan",51,"Loilen",237,"Lai-Hka",NA,"","Village|Township","Village|Township","",""
238,154,"MMR","Myanmar",13,"Shan",51,"Loilen",238,"Langkho",NA,"","Village|Township","Village|Township","",""
239,154,"MMR","Myanmar",13,"Shan",51,"Loilen",239,"Loi Lem",NA,"","Village|Township","Village|Township","","Loi Len"
240,154,"MMR","Myanmar",13,"Shan",51,"Loilen",240,"Mawkmai",NA,"","Village|Township","Village|Township","",""
241,154,"MMR","Myanmar",13,"Shan",51,"Loilen",241,"Mong Hsu",NA,"","Village|Township","Village|Township","",""
242,154,"MMR","Myanmar",13,"Shan",51,"Loilen",242,"Mong Kung",NA,"","Village|Township","Village|Township","",""
243,154,"MMR","Myanmar",13,"Shan",51,"Loilen",243,"Mong Nai",NA,"","Village|Township","Village|Township","",""
244,154,"MMR","Myanmar",13,"Shan",51,"Loilen",244,"Mong Pan",NA,"","Village|Township","Village|Township","",""
245,154,"MMR","Myanmar",13,"Shan",51,"Loilen",245,"Namsang",NA,"","Village|Township","Village|Township","","Nansang"
246,154,"MMR","Myanmar",13,"Shan",52,"Mongphat",246,"Mong Hpayak",NA,"","Village|Township","Village|Township","",""
247,154,"MMR","Myanmar",13,"Shan",52,"Mongphat",247,"Mong Yawng",NA,"","Village|Township","Village|Township","",""
248,154,"MMR","Myanmar",13,"Shan",53,"Mongsat",248,"Mong Hsat",NA,"","Village|Township","Village|Township","",""
249,154,"MMR","Myanmar",13,"Shan",53,"Mongsat",249,"Mong Ping",NA,"","Village|Township","Village|Township","",""
250,154,"MMR","Myanmar",13,"Shan",53,"Mongsat",250,"Mong Tung",NA,"","Village|Township","Village|Township","",""
251,154,"MMR","Myanmar",13,"Shan",54,"Muse",251,"Kutkai",NA,"","Village|Township","Village|Township","",""
252,154,"MMR","Myanmar",13,"Shan",54,"Muse",252,"Mu-Se",NA,"","Village|Township","Village|Township","",""
253,154,"MMR","Myanmar",13,"Shan",54,"Muse",253,"Namhkan",NA,"","Village|Township","Village|Township","",""
254,154,"MMR","Myanmar",13,"Shan",55,"Tarchilaik",254,"Tachilek",NA,"","Village|Township","Village|Township","",""
255,154,"MMR","Myanmar",13,"Shan",56,"Taunggye",255,"Ho-Pong",NA,"","Village|Township","Village|Township","","Hopong"
256,154,"MMR","Myanmar",13,"Shan",56,"Taunggye",256,"Hsi Hseng",NA,"","Village|Township","Village|Township","",""
257,154,"MMR","Myanmar",13,"Shan",56,"Taunggye",257,"Kalaw",NA,"","Village|Township","Village|Township","",""
258,154,"MMR","Myanmar",13,"Shan",56,"Taunggye",258,"Lawksawk",NA,"","Village|Township","Village|Township","",""
259,154,"MMR","Myanmar",13,"Shan",56,"Taunggye",259,"Pekhon",NA,"","Village|Township","Village|Township","","Pekon"
260,154,"MMR","Myanmar",13,"Shan",56,"Taunggye",260,"Pindaya",NA,"","Village|Township","Village|Township","","Pingdaya"
261,154,"MMR","Myanmar",13,"Shan",56,"Taunggye",261,"Pinlaung",NA,"","Village|Township","Village|Township","",""
262,154,"MMR","Myanmar",13,"Shan",56,"Taunggye",262,"Taunggyi",NA,"","Village|Township","Village|Township","",""
263,154,"MMR","Myanmar",13,"Shan",56,"Taunggye",263,"Yawunghwe",NA,"","Village|Township","Village|Township","","Nyaungshwe"
264,154,"MMR","Myanmar",13,"Shan",56,"Taunggye",264,"Ye-Ngan",NA,"","Village|Township","Village|Township","","Ywangan"
265,154,"MMR","Myanmar",14,"Tanintharyi",57,"Dawei",265,"Launglon",NA,"","Village|Township","Village|Township","",""
266,154,"MMR","Myanmar",14,"Tanintharyi",57,"Dawei",266,"Tavoy",NA,"","Village|Township","Village|Township","",""
267,154,"MMR","Myanmar",14,"Tanintharyi",57,"Dawei",267,"Thayetchaung",NA,"","Village|Township","Village|Township","",""
268,154,"MMR","Myanmar",14,"Tanintharyi",57,"Dawei",268,"Yebyu",NA,"","Village|Township","Village|Township","",""
269,154,"MMR","Myanmar",14,"Tanintharyi",58,"Kawthoung",269,"Bokpyin",NA,"","Village|Township","Village|Township","",""
270,154,"MMR","Myanmar",14,"Tanintharyi",58,"Kawthoung",270,"Kawthaung",NA,"","Village|Township","Village|Township","",""
271,154,"MMR","Myanmar",14,"Tanintharyi",59,"Mergui",271,"Mergui",NA,"","Village|Township","Village|Township","",""
272,154,"MMR","Myanmar",14,"Tanintharyi",59,"Mergui",272,"Palaw",NA,"","Village|Township","Village|Township","",""
273,154,"MMR","Myanmar",14,"Tanintharyi",59,"Mergui",273,"Tenasserim",NA,"","Village|Township","Village|Township","",""
274,154,"MMR","Myanmar",15,"Yangon",60,"Yangon-E",274,"Yangon (Rangoon)",NA,"","Village|Township","Village|Township","",""
275,154,"MMR","Myanmar",15,"Yangon",61,"Yangon-N",275,"Hlegu",NA,"","Village|Township","Village|Township","",""
276,154,"MMR","Myanmar",15,"Yangon",61,"Yangon-N",276,"Hmawbi",NA,"","Village|Township","Village|Township","",""
277,154,"MMR","Myanmar",15,"Yangon",61,"Yangon-N",277,"Htantabin",NA,"","Village|Township","Village|Township","",""
278,154,"MMR","Myanmar",15,"Yangon",61,"Yangon-N",278,"Taikkyi",NA,"","Village|Township","Village|Township","",""
279,154,"MMR","Myanmar",15,"Yangon",62,"Yangon-S",279,"Insein",NA,"","Village|Township","Village|Township","",""
280,154,"MMR","Myanmar",15,"Yangon",62,"Yangon-S",280,"Kawkhmu",NA,"","Village|Township","Village|Township","",""
281,154,"MMR","Myanmar",15,"Yangon",62,"Yangon-S",281,"Kayan",NA,"","Village|Township","Village|Township","",""
282,154,"MMR","Myanmar",15,"Yangon",62,"Yangon-S",282,"Kungyangon",NA,"","Village|Township","Village|Township","",""
283,154,"MMR","Myanmar",15,"Yangon",62,"Yangon-S",283,"Kyauktan",NA,"","Village|Township","Village|Township","",""
284,154,"MMR","Myanmar",15,"Yangon",62,"Yangon-S",284,"Syriam",NA,"","Village|Township","Village|Township","",""
285,154,"MMR","Myanmar",15,"Yangon",62,"Yangon-S",285,"Thongwa",NA,"","Village|Township","Village|Township","",""
286,154,"MMR","Myanmar",15,"Yangon",63,"Yangon-W",286,"Yangon (Rangoon)",NA,"","Village|Township","Village|Township","",""
