SOURCE_ID,n,GiZScore,GiPValue,NNeighbors,Gi_Bin,ID_0,ISO,NAME_0,NAME_1,NAME_2
"0","2",-1.60953942931,0.10749844055,"9","0","154",MMR,Myanmar,Tanintharyi,Dawei
"1","3",-2.26635319817,0.02342976669,"16","-2","154",MMR,Myanmar,Tanintharyi,Dawei
"2","7",-2.09534468788,0.03614036265,"14","-2","154",MMR,Myanmar,Tanintharyi,Dawei
"3","1",-1.77242187611,0.07632455307,"11","-1","154",MMR,Myanmar,Tanintharyi,Dawei
"4","2",-2.26635319817,0.02342976669,"16","-2","154",MMR,Myanmar,Tanintharyi,Dawei
"5","2",-2.09534468788,0.03614036265,"14","-2","154",MMR,Myanmar,Tanintharyi,Dawei
"6","2",-2.18108343708,0.02917724567,"16","-2","154",MMR,Myanmar,Tanintharyi,Dawei
"7","1",-2.44618330120,0.01443775771,"18","-2","154",MMR,Myanmar,Tanintharyi,Dawei
"8","3",-2.20240087735,0.02763700397,"16","-2","154",MMR,Myanmar,Tanintharyi,Dawei
"9","1",-2.18108343708,0.02917724567,"16","-2","154",MMR,Myanmar,Tanintharyi,Dawei
"10","2",-1.21205586317,0.22549101978,"4","0","154",MMR,Myanmar,Tanintharyi,Dawei
"11","2",-1.89456712061,0.05814977419,"10","-1","154",MMR,Myanmar,Tanintharyi,Dawei
"12","1",-2.18108343708,0.02917724567,"16","-2","154",MMR,Myanmar,Tanintharyi,Dawei
"13","2",-2.27506299209,0.02290215131,"17","-2","154",MMR,Myanmar,Tanintharyi,Dawei
"14","1",-1.89456712061,0.05814977419,"10","-1","154",MMR,Myanmar,Tanintharyi,Dawei
"15","1",-2.41568666558,0.01570557000,"21","-2","154",MMR,Myanmar,Tanintharyi,Dawei
"16","1",-2.44283376711,0.01457244780,"20","-2","154",MMR,Myanmar,Tanintharyi,Dawei
"17","1",-1.95199537663,0.05093875353,"11","-1","154",MMR,Myanmar,Tanintharyi,Dawei
"21","3",-0.89484239776,0.37087135227,"35","0","154",MMR,Myanmar,Tanintharyi,Dawei
"22","1",-1.15570414946,0.24780221010,"33","0","154",MMR,Myanmar,Tanintharyi,Dawei
"23","2",-1.39950371430,0.16166198531,"30","0","154",MMR,Myanmar,Tanintharyi,Dawei
"24","1",-2.20240087735,0.02763700397,"16","-2","154",MMR,Myanmar,Tanintharyi,Dawei
"34","1",-0.58691984242,0.55725754567,"15","0","154",MMR,Myanmar,Tanintharyi,Dawei
"35","1",-0.59916721042,0.54906138923,"17","0","154",MMR,Myanmar,Tanintharyi,Dawei
"36","4",-1.04638026292,0.29538551672,"40","0","154",MMR,Myanmar,Tanintharyi,Dawei
"37","2",-2.37503090042,0.01754748112,"19","-2","154",MMR,Myanmar,Tanintharyi,Dawei
"40","5",0.26981578748,0.78730197678,"17","0","154",MMR,Myanmar,Tanintharyi,Dawei
"41","2",-2.47163219172,0.01344978153,"21","-2","154",MMR,Myanmar,Tanintharyi,Dawei
"42","1",-2.46193435245,0.01381899579,"20","-2","154",MMR,Myanmar,Tanintharyi,Dawei
"51","1",0.55743714388,0.57722879595,"15","0","154",MMR,Myanmar,Tanintharyi,Dawei
"52","3",0.49075366230,0.62360068902,"18","0","154",MMR,Myanmar,Tanintharyi,Dawei
"53","3",-0.02155348329,0.98280413986,"22","0","154",MMR,Myanmar,Tanintharyi,Dawei
"54","4",-0.51788924150,0.60453555080,"27","0","154",MMR,Myanmar,Tanintharyi,Dawei
"55","3",-0.50660047415,0.61243517753,"30","0","154",MMR,Myanmar,Tanintharyi,Dawei
"56","1",-0.38907642321,0.69721961456,"32","0","154",MMR,Myanmar,Tanintharyi,Dawei
"57","1",-0.81989985666,0.41227320623,"30","0","154",MMR,Myanmar,Tanintharyi,Dawei
"58","1",-2.55522007981,0.01061206774,"22","-2","154",MMR,Myanmar,Tanintharyi,Dawei
"59","2",-2.60990353153,0.00905677586,"22","-3","154",MMR,Myanmar,Tanintharyi,Dawei
"60","5",-2.89248906566,0.00382202486,"27","-3","154",MMR,Myanmar,Tanintharyi,Dawei
"61","3",-3.11401617655,0.00184559371,"31","-3","154",MMR,Myanmar,Tanintharyi,Dawei
"62","2",-2.98504275060,0.00283538694,"32","-3","154",MMR,Myanmar,Tanintharyi,Dawei
"63","10",-1.87724355175,0.06048472094,"26","-1","154",MMR,Myanmar,Tanintharyi,Dawei
"64","1",0.18143413204,0.85602683002,"23","0","154",MMR,Myanmar,Tanintharyi,Dawei
"65","3",0.34300286153,0.73159630803,"22","0","154",MMR,Myanmar,Tanintharyi,Dawei
"66","1",-1.67881035324,0.09318901020,"20","-1","154",MMR,Myanmar,Tanintharyi,Dawei
"70","11",-0.05042161292,0.95978641367,"23","0","154",MMR,Myanmar,Tanintharyi,Dawei
"71","32",-0.15510315726,0.87673999323,"27","0","154",MMR,Myanmar,Tanintharyi,Dawei
"72","32",-0.33893543354,0.73465837114,"31","0","154",MMR,Myanmar,Tanintharyi,Dawei
"73","14",-0.51473111330,0.60674093060,"34","0","154",MMR,Myanmar,Tanintharyi,Dawei
"74","28",-0.40790475433,0.68334360319,"33","0","154",MMR,Myanmar,Tanintharyi,Dawei
"75","4",-0.24643274211,0.80534726327,"31","0","154",MMR,Myanmar,Tanintharyi,Dawei
"76","5",-0.31317097504,0.75415076911,"32","0","154",MMR,Myanmar,Tanintharyi,Dawei
"77","1",-0.46498187138,0.64194444048,"32","0","154",MMR,Myanmar,Tanintharyi,Dawei
"78","2",-1.30551389954,0.19171791732,"30","0","154",MMR,Myanmar,Tanintharyi,Dawei
"79","2",-3.11401617655,0.00184559371,"31","-3","154",MMR,Myanmar,Tanintharyi,Dawei
"80","6",-3.09998257679,0.00193532027,"33","-3","154",MMR,Myanmar,Tanintharyi,Dawei
"81","1",-2.46920257847,0.01354145347,"36","-2","154",MMR,Myanmar,Tanintharyi,Dawei
"82","2",-2.22544775733,0.02605119455,"36","-2","154",MMR,Myanmar,Tanintharyi,Dawei
"83","4",-1.79524809641,0.07261418057,"39","-1","154",MMR,Myanmar,Tanintharyi,Dawei
"84","5",-0.12374098418,0.90152036035,"33","0","154",MMR,Myanmar,Tanintharyi,Dawei
"85","1",-0.38206211768,0.70241529071,"34","0","154",MMR,Myanmar,Tanintharyi,Dawei
"86","2",-0.09382900838,0.92524498798,"33","0","154",MMR,Myanmar,Tanintharyi,Dawei
"87","2",-1.28614123324,0.19839377604,"25","0","154",MMR,Myanmar,Tanintharyi,Dawei
"88","4",-1.35218414189,0.17631641543,"22","0","154",MMR,Myanmar,Tanintharyi,Dawei
"89","1",-1.47676872980,0.13973764145,"8","0","154",MMR,Myanmar,Tanintharyi,Dawei
"92","3",-0.17902007173,0.85792194140,"28","0","154",MMR,Myanmar,Tanintharyi,Dawei
"93","14",-0.40790475433,0.68334360319,"33","0","154",MMR,Myanmar,Tanintharyi,Dawei
"94","17",-0.24643274211,0.80534726327,"31","0","154",MMR,Myanmar,Tanintharyi,Dawei
"95","2",-0.20018139639,0.84133871635,"31","0","154",MMR,Myanmar,Tanintharyi,Dawei
"96","5",-0.23101562687,0.81730266206,"31","0","154",MMR,Myanmar,Tanintharyi,Dawei
"97","5",-0.28729090640,0.77388958532,"30","0","154",MMR,Myanmar,Tanintharyi,Dawei
"98","13",-0.61642920523,0.53761128632,"28","0","154",MMR,Myanmar,Tanintharyi,Dawei
"99","4",-1.28984893042,0.19710311524,"30","0","154",MMR,Myanmar,Tanintharyi,Dawei
"100","1",-2.16691689717,0.03024119130,"27","-2","154",MMR,Myanmar,Tanintharyi,Dawei
"101","3",-2.07375193584,0.03810235509,"25","-2","154",MMR,Myanmar,Tanintharyi,Dawei
"102","1",-2.33138929106,0.01973284170,"24","-2","154",MMR,Myanmar,Tanintharyi,Dawei
"103","5",-0.25025585642,0.80238949216,"39","0","154",MMR,Myanmar,Tanintharyi,Dawei
"104","16",0.11877577180,0.90545300410,"38","0","154",MMR,Myanmar,Tanintharyi,Dawei
"105","8",0.39850119964,0.69026077514,"36","0","154",MMR,Myanmar,Tanintharyi,Dawei
"106","10",0.70396203043,0.48145642474,"32","0","154",MMR,Myanmar,Tanintharyi,Dawei
"107","2",-0.81989985666,0.41227320623,"30","0","154",MMR,Myanmar,Tanintharyi,Dawei
"108","2",-0.66503022007,0.50603116861,"28","0","154",MMR,Myanmar,Tanintharyi,Dawei
"109","5",-0.73505197150,0.46230784871,"26","0","154",MMR,Myanmar,Tanintharyi,Dawei
"110","4",-0.96110298597,0.33650040051,"21","0","154",MMR,Myanmar,Tanintharyi,Dawei
"111","3",-0.23101562687,0.81730266206,"31","0","154",MMR,Myanmar,Tanintharyi,Dawei
"112","19",-0.28729090640,0.77388958532,"30","0","154",MMR,Myanmar,Tanintharyi,Dawei
"113","7",-0.69587265071,0.48650859113,"29","0","154",MMR,Myanmar,Tanintharyi,Dawei
"114","6",-0.93661519154,0.34895654597,"26","0","154",MMR,Myanmar,Tanintharyi,Dawei
"115","6",-1.96457631309,0.04946329574,"24","-2","154",MMR,Myanmar,Tanintharyi,Dawei
"116","2",-2.61086584571,0.00903133146,"24","-3","154",MMR,Myanmar,Tanintharyi,Dawei
"117","1",-3.05426140870,0.00225615395,"37","-3","154",MMR,Myanmar,Tanintharyi,Dawei
"118","1",-1.97184320723,0.04862750823,"41","-2","154",MMR,Myanmar,Tanintharyi,Dawei
"119","2",-1.58879904773,0.11210576834,"43","0","154",MMR,Myanmar,Tanintharyi,Dawei
"120","1",-0.60067649147,0.54805548299,"26","0","154",MMR,Myanmar,Tanintharyi,Dawei
"124","1",-2.88619160077,0.00389934693,"35","-3","154",MMR,Myanmar,Tanintharyi,Dawei
"125","1",-2.39547095638,0.01659902923,"40","-2","154",MMR,Myanmar,Tanintharyi,Dawei
"126","6",-1.62260436884,0.10467400599,"45","0","154",MMR,Myanmar,Tanintharyi,Dawei
"127","1",-1.37263247154,0.16986663192,"48","0","154",MMR,Myanmar,Tanintharyi,Dawei
"128","2",-1.14519406538,0.25212879549,"53","0","154",MMR,Myanmar,Tanintharyi,Dawei
"129","1",-1.33936934685,0.18045046330,"58","0","154",MMR,Myanmar,Tanintharyi,Dawei
"132","3",-1.62260436884,0.10467400599,"45","0","154",MMR,Myanmar,Tanintharyi,Dawei
"133","1",-1.37263247154,0.16986663192,"48","0","154",MMR,Myanmar,Tanintharyi,Dawei
"134","3",-1.11434766011,0.26513008595,"51","0","154",MMR,Myanmar,Tanintharyi,Dawei
"135","3",-1.26250575701,0.20676688095,"57","0","154",MMR,Myanmar,Tanintharyi,Dawei
"136","6",-0.17015782744,0.86488601688,"59","0","154",MMR,Myanmar,Tanintharyi,Dawei
"137","3",-0.11021043440,0.91224248724,"62","0","154",MMR,Myanmar,Tanintharyi,Dawei
"138","2",0.04813248693,0.96161065537,"63","0","154",MMR,Myanmar,Tanintharyi,Dawei
"139","3",0.24769439332,0.80437087043,"64","0","154",MMR,Myanmar,Tanintharyi,Dawei
"140","1",1.14716462257,0.25131360920,"65","0","154",MMR,Myanmar,Tanintharyi,Dawei
"141","1",0.15512450023,0.87672316764,"62","0","154",MMR,Myanmar,Tanintharyi,Dawei
"146","1",-1.35897335090,0.17415503343,"46","0","154",MMR,Myanmar,Tanintharyi,Dawei
"147","2",-1.10478799582,0.26925148077,"50","0","154",MMR,Myanmar,Tanintharyi,Dawei
"148","9",-1.18987879060,0.23409405709,"54","0","154",MMR,Myanmar,Tanintharyi,Dawei
"149","6",-1.11688936592,0.26404165004,"55","0","154",MMR,Myanmar,Tanintharyi,Dawei
"150","6",0.10146539274,0.91918102835,"59","0","154",MMR,Myanmar,Tanintharyi,Dawei
"151","6",0.01867117779,0.98510342103,"61","0","154",MMR,Myanmar,Tanintharyi,Dawei
"152","8",0.20806409426,0.83517892238,"61","0","154",MMR,Myanmar,Tanintharyi,Dawei
"153","9",0.24356947844,0.80756426934,"62","0","154",MMR,Myanmar,Tanintharyi,Dawei
"154","7",0.64979504473,0.51582462419,"65","0","154",MMR,Myanmar,Tanintharyi,Dawei
"155","4",1.02528029956,0.30523096294,"69","0","154",MMR,Myanmar,Tanintharyi,Dawei
"156","102",1.20851193581,0.22685042973,"68","0","154",MMR,Myanmar,Tanintharyi,Dawei
"157","3",0.88513753475,0.37608246707,"66","0","154",MMR,Myanmar,Tanintharyi,Dawei
"158","17",0.85523030514,0.39242367093,"65","0","154",MMR,Myanmar,Tanintharyi,Dawei
"159","8",0.42352818618,0.67190993948,"66","0","154",MMR,Myanmar,Tanintharyi,Dawei
"160","6",0.30544207376,0.76002948201,"66","0","154",MMR,Myanmar,Tanintharyi,Dawei
"161","1",0.79426706546,0.42703997998,"63","0","154",MMR,Myanmar,Tanintharyi,Dawei
"168","11",-1.06805675750,0.28549492623,"50","0","154",MMR,Myanmar,Tanintharyi,Dawei
"169","26",-1.03801835235,0.29926152586,"53","0","154",MMR,Myanmar,Tanintharyi,Dawei
"170","14",0.11483989727,0.90857202481,"56","0","154",MMR,Myanmar,Tanintharyi,Dawei
"171","8",0.23300740766,0.81575565379,"57","0","154",MMR,Myanmar,Tanintharyi,Dawei
"172","26",0.34924554330,0.72690497820,"58","0","154",MMR,Myanmar,Tanintharyi,Dawei
"173","18",0.52087160354,0.60245622030,"56","0","154",MMR,Myanmar,Tanintharyi,Dawei
"174","6",0.85693266926,0.39148210532,"60","0","154",MMR,Myanmar,Tanintharyi,Dawei
"175","10",1.21703905856,0.22358937807,"64","0","154",MMR,Myanmar,Tanintharyi,Dawei
"176","8",1.22380735682,0.22102493137,"67","0","154",MMR,Myanmar,Tanintharyi,Dawei
"177","14",1.25578615876,0.20919353580,"67","0","154",MMR,Myanmar,Tanintharyi,Dawei
"178","3",0.80808293165,0.41904285003,"67","0","154",MMR,Myanmar,Tanintharyi,Dawei
"179","3",0.96989644206,0.33209812605,"70","0","154",MMR,Myanmar,Tanintharyi,Dawei
"180","5",0.72156445439,0.47056230512,"68","0","154",MMR,Myanmar,Tanintharyi,Dawei
"181","26",0.86010246945,0.38973256894,"63","0","154",MMR,Myanmar,Tanintharyi,Dawei
"184","2",-0.95099001186,0.34160945790,"40","0","154",MMR,Myanmar,Tanintharyi,Dawei
"185","12",-0.81136371578,0.41715683722,"45","0","154",MMR,Myanmar,Tanintharyi,Dawei
"186","13",-0.63433364128,0.52586310987,"47","0","154",MMR,Myanmar,Tanintharyi,Dawei
"187","1",-0.77535630112,0.43812915595,"52","0","154",MMR,Myanmar,Tanintharyi,Dawei
"188","25",0.35738019977,0.72080719835,"55","0","154",MMR,Myanmar,Tanintharyi,Dawei
"189","3",0.31205529746,0.75499849921,"56","0","154",MMR,Myanmar,Tanintharyi,Dawei
"190","16",0.53288848140,0.59411078146,"55","0","154",MMR,Myanmar,Tanintharyi,Dawei
"191","31",1.11251780412,0.26591559730,"56","0","154",MMR,Myanmar,Tanintharyi,Dawei
"192","5",1.12640626543,0.25999361446,"60","0","154",MMR,Myanmar,Tanintharyi,Dawei
"193","1",1.27706002804,0.20158108105,"63","0","154",MMR,Myanmar,Tanintharyi,Dawei
"194","3",1.01010030980,0.31244724760,"64","0","154",MMR,Myanmar,Tanintharyi,Dawei
"195","30",1.11046563742,0.26679844535,"61","0","154",MMR,Myanmar,Tanintharyi,Dawei
"196","29",1.21692595716,0.22363241119,"56","0","154",MMR,Myanmar,Tanintharyi,Dawei
"197","3",-0.35791948329,0.72040357047,"50","0","154",MMR,Myanmar,Tanintharyi,Dawei
"203","19",0.53389210534,0.59341618665,"53","0","154",MMR,Myanmar,Tanintharyi,Dawei
"204","5",1.11791608683,0.26360285188,"55","0","154",MMR,Myanmar,Tanintharyi,Dawei
"205","2",1.41791399197,0.15621587684,"57","0","154",MMR,Myanmar,Tanintharyi,Dawei
"206","10",1.32851146256,0.18400919939,"60","0","154",MMR,Myanmar,Tanintharyi,Dawei
"207","13",1.22219719138,0.22163308864,"63","0","154",MMR,Myanmar,Tanintharyi,Dawei
"208","5",1.16258149309,0.24499936319,"64","0","154",MMR,Myanmar,Tanintharyi,Dawei
"209","3",1.31682547268,0.18789713238,"55","0","154",MMR,Myanmar,Tanintharyi,Dawei
"210","5",1.53986116331,0.12359419919,"50","0","154",MMR,Myanmar,Tanintharyi,Dawei
"211","13",0.26288767300,0.79263715803,"48","0","154",MMR,Myanmar,Tanintharyi,Dawei
"214","1",-0.56606316711,0.57135084350,"50","0","154",MMR,Myanmar,Tanintharyi,Dawei
"215","1",0.58255343553,0.56019396253,"52","0","154",MMR,Myanmar,Tanintharyi,Dawei
"216","2",1.65328288581,0.09827330438,"53","1","154",MMR,Myanmar,Tanintharyi,Dawei
"217","17",1.26643627451,0.20535695595,"61","0","154",MMR,Myanmar,Tanintharyi,Dawei
"218","5",1.22852686305,0.21924927476,"56","0","154",MMR,Myanmar,Tanintharyi,Dawei
"219","2",1.54182107907,0.12311707827,"51","0","154",MMR,Myanmar,Tanintharyi,Dawei
"220","3",0.41270631220,0.67982180065,"48","0","154",MMR,Myanmar,Tanintharyi,Dawei
"221","4",0.16300858021,0.87051167907,"48","0","154",MMR,Myanmar,Tanintharyi,Dawei
"222","1",-0.07528411813,0.93998865752,"43","0","154",MMR,Myanmar,Tanintharyi,Dawei
"229","6",1.26643627451,0.20535695595,"61","0","154",MMR,Myanmar,Tanintharyi,Dawei
"230","30",1.21692595716,0.22363241119,"56","0","154",MMR,Myanmar,Tanintharyi,Dawei
"231","8",1.54182107907,0.12311707827,"51","0","154",MMR,Myanmar,Tanintharyi,Dawei
"232","3",0.41270631220,0.67982180065,"48","0","154",MMR,Myanmar,Tanintharyi,Dawei
"233","4",0.11908272579,0.90520981619,"46","0","154",MMR,Myanmar,Tanintharyi,Dawei
"234","3",-0.18937807487,0.84979650735,"36","0","154",MMR,Myanmar,Tanintharyi,Dawei
"235","2",-1.46461272122,0.14302660927,"21","0","154",MMR,Myanmar,Tanintharyi,Dawei
"249","4",1.66750362703,0.09541430380,"61","1","154",MMR,Myanmar,Tanintharyi,Dawei
"250","30",1.51302067029,0.13027440844,"58","0","154",MMR,Myanmar,Tanintharyi,Dawei
"251","5",1.31682547268,0.18789713238,"55","0","154",MMR,Myanmar,Tanintharyi,Dawei
"252","2",1.54182107907,0.12311707827,"51","0","154",MMR,Myanmar,Tanintharyi,Dawei
"253","2",0.28472694128,0.77585334880,"46","0","154",MMR,Myanmar,Tanintharyi,Dawei
"254","7",0.28161237378,0.77824075150,"44","0","154",MMR,Myanmar,Tanintharyi,Dawei
"255","1",0.29322386473,0.76935104435,"43","0","154",MMR,Myanmar,Tanintharyi,Dawei
"256","1",-0.66786423149,0.50422026555,"26","0","154",MMR,Myanmar,Tanintharyi,Dawei
"257","6",-0.80534962466,0.42061796008,"22","0","154",MMR,Myanmar,Tanintharyi,Dawei
"258","4",-1.54510625582,0.12232056406,"20","0","154",MMR,Myanmar,Tanintharyi,Dawei
"259","2",-2.19230270658,0.02835765646,"17","-2","154",MMR,Myanmar,Tanintharyi,Dawei
"260","2",-2.11713111627,0.03424872151,"16","-2","154",MMR,Myanmar,Tanintharyi,Dawei
"276","6",0.37218986105,0.70975149522,"43","0","154",MMR,Myanmar,Tanintharyi,Dawei
"277","43",0.38500566604,0.70023321849,"42","0","154",MMR,Myanmar,Tanintharyi,Dawei
"278","46",0.26690186595,0.78954472021,"43","0","154",MMR,Myanmar,Tanintharyi,Dawei
"279","3",0.42511003060,0.67075646726,"41","0","154",MMR,Myanmar,Tanintharyi,Dawei
"280","2",-0.79426824050,0.42703929606,"24","0","154",MMR,Myanmar,Tanintharyi,Dawei
"298","3",0.78433716143,0.43284230647,"39","0","154",MMR,Myanmar,Tanintharyi,Dawei
"299","3",0.73339518397,0.46331744135,"38","0","154",MMR,Myanmar,Tanintharyi,Dawei
"300","14",0.57741855786,0.56365674359,"39","0","154",MMR,Myanmar,Tanintharyi,Dawei
"319","1",0.70877184624,0.47846607666,"34","0","154",MMR,Myanmar,Tanintharyi,Dawei
"320","4",-2.31626651240,0.02054372157,"19","-2","154",MMR,Myanmar,Tanintharyi,Dawei
"345","5",-2.25182791364,0.02433314898,"20","-2","154",MMR,Myanmar,Tanintharyi,Dawei
"346","1",-2.54912095189,0.01079948381,"26","-2","154",MMR,Myanmar,Tanintharyi,Dawei
"347","1",-2.71536112082,0.00662035370,"30","-3","154",MMR,Myanmar,Tanintharyi,Dawei
"348","1",-2.79368596645,0.00521110565,"30","-3","154",MMR,Myanmar,Tanintharyi,Dawei
"369","1",-2.71536112082,0.00662035370,"30","-3","154",MMR,Myanmar,Tanintharyi,Dawei
"370","2",-2.73435764630,0.00625021149,"29","-3","154",MMR,Myanmar,Tanintharyi,Dawei
"20","1",-1.12264036734,0.26159028209,"3","0","154",MMR,Myanmar,Tanintharyi,Kawthoung
"28","1",-1.16964459368,0.24214404411,"4","0","154",MMR,Myanmar,Tanintharyi,Kawthoung
"91","1",-1.16964459368,0.24214404411,"4","0","154",MMR,Myanmar,Tanintharyi,Kawthoung
"121","4",-0.97578742237,0.32916983145,"3","0","154",MMR,Myanmar,Tanintharyi,Kawthoung
"122","2",-0.85630668312,0.39182817433,"2","0","154",MMR,Myanmar,Tanintharyi,Kawthoung
"145","1",-0.85630668312,0.39182817433,"2","0","154",MMR,Myanmar,Tanintharyi,Kawthoung
"297","3",-0.79638031404,0.42581102399,"2","0","154",MMR,Myanmar,Tanintharyi,Kawthoung
"314","1",-0.79638031404,0.42581102399,"2","0","154",MMR,Myanmar,Tanintharyi,Kawthoung
"315","4",-1.29994180124,0.19362091681,"32","0","154",MMR,Myanmar,Tanintharyi,Kawthoung
"316","1",-1.40271638503,0.16070142934,"31","0","154",MMR,Myanmar,Tanintharyi,Kawthoung
"317","14",-1.34104792407,0.17990489338,"31","0","154",MMR,Myanmar,Tanintharyi,Kawthoung
"318","1",-1.86385525264,0.06234203409,"28","-1","154",MMR,Myanmar,Tanintharyi,Kawthoung
"334","3",-1.28126308795,0.20010127339,"34","0","154",MMR,Myanmar,Tanintharyi,Kawthoung
"335","7",-1.42867308307,0.15309821774,"34","0","154",MMR,Myanmar,Tanintharyi,Kawthoung
"336","6",-1.47625822346,0.13987458457,"35","0","154",MMR,Myanmar,Tanintharyi,Kawthoung
"337","7",-1.42139051831,0.15520326141,"32","0","154",MMR,Myanmar,Tanintharyi,Kawthoung
"338","2",-1.57181837467,0.11599267890,"30","0","154",MMR,Myanmar,Tanintharyi,Kawthoung
"339","7",-1.86385525264,0.06234203409,"28","-1","154",MMR,Myanmar,Tanintharyi,Kawthoung
"340","1",-1.71805220814,0.08578709294,"28","-1","154",MMR,Myanmar,Tanintharyi,Kawthoung
"341","1",-1.25995168655,0.20768681625,"27","0","154",MMR,Myanmar,Tanintharyi,Kawthoung
"342","1",-1.11153919754,0.26633634550,"27","0","154",MMR,Myanmar,Tanintharyi,Kawthoung
"343","8",-1.35322134980,0.17598492663,"24","0","154",MMR,Myanmar,Tanintharyi,Kawthoung
"344","2",0.10192532438,0.91881594870,"41","0","154",MMR,Myanmar,Tanintharyi,Kawthoung
"356","1",1.13822128400,0.25502811234,"30","0","154",MMR,Myanmar,Tanintharyi,Kawthoung
"357","7",0.45326739572,0.65035620883,"39","0","154",MMR,Myanmar,Tanintharyi,Kawthoung
"358","9",0.58888118371,0.55594098395,"40","0","154",MMR,Myanmar,Tanintharyi,Kawthoung
"359","4",-1.54023553462,0.12350295107,"37","0","154",MMR,Myanmar,Tanintharyi,Kawthoung
"360","5",-1.59455292614,0.11081224641,"36","0","154",MMR,Myanmar,Tanintharyi,Kawthoung
"361","1",-1.82245788068,0.06838553905,"30","-1","154",MMR,Myanmar,Tanintharyi,Kawthoung
"362","1",-1.39660186794,0.16253332828,"29","0","154",MMR,Myanmar,Tanintharyi,Kawthoung
"363","18",-1.06206836787,0.28820466480,"27","0","154",MMR,Myanmar,Tanintharyi,Kawthoung
"364","13",-1.38067620392,0.16737854109,"29","0","154",MMR,Myanmar,Tanintharyi,Kawthoung
"365","2",-1.45732017666,0.14502801983,"26","0","154",MMR,Myanmar,Tanintharyi,Kawthoung
"366","4",0.22311958921,0.82344243280,"41","0","154",MMR,Myanmar,Tanintharyi,Kawthoung
"367","2",-0.24478294222,0.80662450255,"45","0","154",MMR,Myanmar,Tanintharyi,Kawthoung
"368","1",-0.01705942809,0.98638920589,"20","0","154",MMR,Myanmar,Tanintharyi,Kawthoung
"375","6",-1.57453491927,0.11536383523,"39","0","154",MMR,Myanmar,Tanintharyi,Kawthoung
"376","1",-1.33289921183,0.18256488127,"29","0","154",MMR,Myanmar,Tanintharyi,Kawthoung
"377","2",-1.49521907646,0.13485727649,"31","0","154",MMR,Myanmar,Tanintharyi,Kawthoung
"378","6",-0.36482610466,0.71524121824,"43","0","154",MMR,Myanmar,Tanintharyi,Kawthoung
"379","26",-0.52649380243,0.59854515913,"49","0","154",MMR,Myanmar,Tanintharyi,Kawthoung
"380","10",0.28942713017,0.77225453646,"49","0","154",MMR,Myanmar,Tanintharyi,Kawthoung
"381","2",-0.40590286299,0.68481397537,"40","0","154",MMR,Myanmar,Tanintharyi,Kawthoung
"382","5",-0.27540918821,0.78300188609,"36","0","154",MMR,Myanmar,Tanintharyi,Kawthoung
"383","2",-0.00669066825,0.99466165893,"27","0","154",MMR,Myanmar,Tanintharyi,Kawthoung
"384","1",0.35978470508,0.71900814262,"23","0","154",MMR,Myanmar,Tanintharyi,Kawthoung
"385","2",0.11266152583,0.91029890494,"19","0","154",MMR,Myanmar,Tanintharyi,Kawthoung
"390","3",0.15730831398,0.87500186828,"46","0","154",MMR,Myanmar,Tanintharyi,Kawthoung
"391","6",0.02988968668,0.97615503101,"46","0","154",MMR,Myanmar,Tanintharyi,Kawthoung
"392","3",-1.00701698853,0.31392662401,"44","0","154",MMR,Myanmar,Tanintharyi,Kawthoung
"393","1",-1.76889965346,0.07691062204,"33","-1","154",MMR,Myanmar,Tanintharyi,Kawthoung
"394","10",-0.12528830725,0.90029530872,"50","0","154",MMR,Myanmar,Tanintharyi,Kawthoung
"395","5",0.08638615349,0.93115945370,"51","0","154",MMR,Myanmar,Tanintharyi,Kawthoung
"396","7",0.54516371189,0.58564092925,"54","0","154",MMR,Myanmar,Tanintharyi,Kawthoung
"397","16",0.72675623943,0.46737530029,"52","0","154",MMR,Myanmar,Tanintharyi,Kawthoung
"398","2",-0.53842449314,0.59028402287,"44","0","154",MMR,Myanmar,Tanintharyi,Kawthoung
"399","16",-0.34681787142,0.72872815069,"39","0","154",MMR,Myanmar,Tanintharyi,Kawthoung
"400","2",-0.16197115340,0.87132857019,"30","0","154",MMR,Myanmar,Tanintharyi,Kawthoung
"401","1",0.48882539946,0.62496531603,"22","0","154",MMR,Myanmar,Tanintharyi,Kawthoung
"409","4",0.68805384636,0.49141887800,"43","0","154",MMR,Myanmar,Tanintharyi,Kawthoung
"410","1",0.47585488224,0.63417776874,"46","0","154",MMR,Myanmar,Tanintharyi,Kawthoung
"411","4",0.10399055458,0.91717684429,"49","0","154",MMR,Myanmar,Tanintharyi,Kawthoung
"412","20",-0.02277146593,0.98183256901,"51","0","154",MMR,Myanmar,Tanintharyi,Kawthoung
"413","29",-0.05672114426,0.95476733044,"49","0","154",MMR,Myanmar,Tanintharyi,Kawthoung
"414","1",-0.24772576833,0.80434659317,"50","0","154",MMR,Myanmar,Tanintharyi,Kawthoung
"415","8",0.93070725309,0.35200502780,"55","0","154",MMR,Myanmar,Tanintharyi,Kawthoung
"416","12",0.81663294697,0.41413822850,"54","0","154",MMR,Myanmar,Tanintharyi,Kawthoung
"417","6",0.30910350746,0.75724279163,"54","0","154",MMR,Myanmar,Tanintharyi,Kawthoung
"418","19",0.27011402710,0.78707253132,"52","0","154",MMR,Myanmar,Tanintharyi,Kawthoung
"419","47",-0.30396991172,0.76115081459,"49","0","154",MMR,Myanmar,Tanintharyi,Kawthoung
"420","36",-0.50681464959,0.61228487835,"42","0","154",MMR,Myanmar,Tanintharyi,Kawthoung
"421","9",-0.34681787142,0.72872815069,"39","0","154",MMR,Myanmar,Tanintharyi,Kawthoung
"422","9",-0.26982038514,0.78729843951,"35","0","154",MMR,Myanmar,Tanintharyi,Kawthoung
"423","1",-0.21810272987,0.82734907063,"29","0","154",MMR,Myanmar,Tanintharyi,Kawthoung
"439","9",0.87085262687,0.38383463510,"46","0","154",MMR,Myanmar,Tanintharyi,Kawthoung
"440","7",0.99139329102,0.32149358803,"45","0","154",MMR,Myanmar,Tanintharyi,Kawthoung
"441","11",0.76891772503,0.44194216074,"46","0","154",MMR,Myanmar,Tanintharyi,Kawthoung
"442","11",0.12277202663,0.90228762619,"51","0","154",MMR,Myanmar,Tanintharyi,Kawthoung
"443","7",0.02163664603,0.98273780106,"50","0","154",MMR,Myanmar,Tanintharyi,Kawthoung
"444","3",0.03373877789,0.97308545628,"53","0","154",MMR,Myanmar,Tanintharyi,Kawthoung
"445","1",0.66319381410,0.50720643700,"54","0","154",MMR,Myanmar,Tanintharyi,Kawthoung
"446","4",1.04291236876,0.29698889557,"56","0","154",MMR,Myanmar,Tanintharyi,Kawthoung
"447","7",0.92690330982,0.35397674947,"56","0","154",MMR,Myanmar,Tanintharyi,Kawthoung
"448","3",0.72009731513,0.47146508583,"55","0","154",MMR,Myanmar,Tanintharyi,Kawthoung
"449","2",0.33019852872,0.74124995901,"52","0","154",MMR,Myanmar,Tanintharyi,Kawthoung
"450","19",0.10734286878,0.91451697663,"50","0","154",MMR,Myanmar,Tanintharyi,Kawthoung
"451","24",-0.15464509188,0.87710111946,"45","0","154",MMR,Myanmar,Tanintharyi,Kawthoung
"452","3",-0.50681464959,0.61228487835,"42","0","154",MMR,Myanmar,Tanintharyi,Kawthoung
"477","41",0.63557540461,0.52505320836,"49","0","154",MMR,Myanmar,Tanintharyi,Kawthoung
"478","38",0.80335341449,0.42177050023,"47","0","154",MMR,Myanmar,Tanintharyi,Kawthoung
"479","15",0.62494938439,0.53200428232,"48","0","154",MMR,Myanmar,Tanintharyi,Kawthoung
"480","2",0.32227854344,0.74724168707,"55","0","154",MMR,Myanmar,Tanintharyi,Kawthoung
"481","1",0.14091449091,0.88793749432,"53","0","154",MMR,Myanmar,Tanintharyi,Kawthoung
"482","8",1.05941332629,0.28941159889,"55","0","154",MMR,Myanmar,Tanintharyi,Kawthoung
"483","12",1.04291236876,0.29698889557,"56","0","154",MMR,Myanmar,Tanintharyi,Kawthoung
"484","2",0.92690330982,0.35397674947,"56","0","154",MMR,Myanmar,Tanintharyi,Kawthoung
"485","1",0.74824353139,0.45431328418,"53","0","154",MMR,Myanmar,Tanintharyi,Kawthoung
"486","2",0.16856159932,0.86614148764,"50","0","154",MMR,Myanmar,Tanintharyi,Kawthoung
"487","9",0.27198507855,0.78563349290,"46","0","154",MMR,Myanmar,Tanintharyi,Kawthoung
"488","5",-0.15464509188,0.87710111946,"45","0","154",MMR,Myanmar,Tanintharyi,Kawthoung
"519","1",0.76228313698,0.44589104241,"48","0","154",MMR,Myanmar,Tanintharyi,Kawthoung
"520","28",0.54811772864,0.58361107054,"50","0","154",MMR,Myanmar,Tanintharyi,Kawthoung
"521","21",0.77482384072,0.43844376628,"52","0","154",MMR,Myanmar,Tanintharyi,Kawthoung
"522","2",1.21944915272,0.22267378649,"52","0","154",MMR,Myanmar,Tanintharyi,Kawthoung
"523","20",0.93104354494,0.35183105073,"52","0","154",MMR,Myanmar,Tanintharyi,Kawthoung
"524","3",1.14711723316,0.25133319179,"54","0","154",MMR,Myanmar,Tanintharyi,Kawthoung
"525","4",1.04291236876,0.29698889557,"56","0","154",MMR,Myanmar,Tanintharyi,Kawthoung
"526","8",0.95826906962,0.33792710829,"54","0","154",MMR,Myanmar,Tanintharyi,Kawthoung
"527","4",0.21294812661,0.83136742371,"48","0","154",MMR,Myanmar,Tanintharyi,Kawthoung
"561","2",0.42501471560,0.67082594850,"47","0","154",MMR,Myanmar,Tanintharyi,Kawthoung
"562","13",0.70728642803,0.47938850305,"50","0","154",MMR,Myanmar,Tanintharyi,Kawthoung
"563","19",0.62307498494,0.53323525080,"58","0","154",MMR,Myanmar,Tanintharyi,Kawthoung
"564","11",1.02677977967,0.30452418715,"57","0","154",MMR,Myanmar,Tanintharyi,Kawthoung
"565","5",1.24662216002,0.21253609650,"55","0","154",MMR,Myanmar,Tanintharyi,Kawthoung
"566","1",-0.56855956302,0.56965507605,"51","0","154",MMR,Myanmar,Tanintharyi,Kawthoung
"567","32",0.26651156817,0.78984525166,"50","0","154",MMR,Myanmar,Tanintharyi,Kawthoung
"568","30",0.93104354494,0.35183105073,"52","0","154",MMR,Myanmar,Tanintharyi,Kawthoung
"569","2",1.23648844628,0.21627708135,"53","0","154",MMR,Myanmar,Tanintharyi,Kawthoung
"570","2",1.06826074766,0.28540292529,"49","0","154",MMR,Myanmar,Tanintharyi,Kawthoung
"607","3",1.77566947944,0.07578741073,"33","1","154",MMR,Myanmar,Tanintharyi,Kawthoung
"608","2",1.84382880870,0.06520809283,"34","1","154",MMR,Myanmar,Tanintharyi,Kawthoung
"609","2",-1.15771690752,0.24697960175,"29","0","154",MMR,Myanmar,Tanintharyi,Kawthoung
"610","1",-0.58492531978,0.55859793568,"30","0","154",MMR,Myanmar,Tanintharyi,Kawthoung
"611","1",0.11913186574,0.90517088532,"34","0","154",MMR,Myanmar,Tanintharyi,Kawthoung
"612","1",0.76617771281,0.44357057405,"37","0","154",MMR,Myanmar,Tanintharyi,Kawthoung
"613","11",0.58896148512,0.55588711352,"47","0","154",MMR,Myanmar,Tanintharyi,Kawthoung
"614","5",0.93466304918,0.34996198641,"54","0","154",MMR,Myanmar,Tanintharyi,Kawthoung
"615","3",1.00810965107,0.31340183865,"56","0","154",MMR,Myanmar,Tanintharyi,Kawthoung
"616","2",0.56799013772,0.57004166735,"55","0","154",MMR,Myanmar,Tanintharyi,Kawthoung
"617","8",-0.65955622120,0.50953866031,"47","0","154",MMR,Myanmar,Tanintharyi,Kawthoung
"618","2",-0.46032574391,0.64528242683,"44","0","154",MMR,Myanmar,Tanintharyi,Kawthoung
"619","14",-0.36949655206,0.71175764346,"47","0","154",MMR,Myanmar,Tanintharyi,Kawthoung
"620","22",-0.18656824458,0.85199916678,"48","0","154",MMR,Myanmar,Tanintharyi,Kawthoung
"621","4",-0.08668915178,0.93091859958,"48","0","154",MMR,Myanmar,Tanintharyi,Kawthoung
"622","12",0.32651444529,0.74403516243,"49","0","154",MMR,Myanmar,Tanintharyi,Kawthoung
"623","2",1.03786757292,0.29933172695,"50","0","154",MMR,Myanmar,Tanintharyi,Kawthoung
"658","5",-0.21153801778,0.83246746959,"48","0","154",MMR,Myanmar,Tanintharyi,Kawthoung
"659","1",-0.90026629262,0.36797856464,"46","0","154",MMR,Myanmar,Tanintharyi,Kawthoung
"660","1",-0.35619407827,0.72169522706,"44","0","154",MMR,Myanmar,Tanintharyi,Kawthoung
"661","8",1.43121711544,0.15236799977,"37","0","154",MMR,Myanmar,Tanintharyi,Kawthoung
"662","15",1.60293678645,0.10894861098,"36","0","154",MMR,Myanmar,Tanintharyi,Kawthoung
"663","10",1.87882227030,0.06026876512,"38","1","154",MMR,Myanmar,Tanintharyi,Kawthoung
"664","4",1.88790304714,0.05903896741,"39","1","154",MMR,Myanmar,Tanintharyi,Kawthoung
"665","7",0.99795810851,0.31829968597,"33","0","154",MMR,Myanmar,Tanintharyi,Kawthoung
"666","8",-0.57124949881,0.56783053192,"32","0","154",MMR,Myanmar,Tanintharyi,Kawthoung
"667","18",-0.98113891893,0.32652425312,"32","0","154",MMR,Myanmar,Tanintharyi,Kawthoung
"668","4",-0.94020292786,0.34711349158,"31","0","154",MMR,Myanmar,Tanintharyi,Kawthoung
"669","1",-0.66325016541,0.50717035181,"30","0","154",MMR,Myanmar,Tanintharyi,Kawthoung
"670","4",-0.53935793165,0.58963990495,"31","0","154",MMR,Myanmar,Tanintharyi,Kawthoung
"671","3",0.06016786769,0.95202193720,"34","0","154",MMR,Myanmar,Tanintharyi,Kawthoung
"672","2",0.78564120969,0.43207772138,"36","0","154",MMR,Myanmar,Tanintharyi,Kawthoung
"673","10",0.64639142571,0.51802589581,"39","0","154",MMR,Myanmar,Tanintharyi,Kawthoung
"674","20",0.67064425604,0.50244718655,"40","0","154",MMR,Myanmar,Tanintharyi,Kawthoung
"675","16",0.36195826579,0.71738321860,"47","0","154",MMR,Myanmar,Tanintharyi,Kawthoung
"676","9",0.81748014299,0.41365410018,"50","0","154",MMR,Myanmar,Tanintharyi,Kawthoung
"677","1",-0.67216751116,0.50147706586,"47","0","154",MMR,Myanmar,Tanintharyi,Kawthoung
"678","1",-1.25822728882,0.20830959327,"35","0","154",MMR,Myanmar,Tanintharyi,Kawthoung
"679","1",-1.00118409721,0.31673782685,"34","0","154",MMR,Myanmar,Tanintharyi,Kawthoung
"680","2",-0.46790639437,0.63985153207,"38","0","154",MMR,Myanmar,Tanintharyi,Kawthoung
"681","10",-0.51235275428,0.60840415239,"39","0","154",MMR,Myanmar,Tanintharyi,Kawthoung
"682","22",-0.48766593532,0.62578648583,"40","0","154",MMR,Myanmar,Tanintharyi,Kawthoung
"683","15",-0.59049032596,0.55486197262,"44","0","154",MMR,Myanmar,Tanintharyi,Kawthoung
"684","24",-0.40430910283,0.68598543349,"43","0","154",MMR,Myanmar,Tanintharyi,Kawthoung
"685","3",0.04263154941,0.96599524555,"46","0","154",MMR,Myanmar,Tanintharyi,Kawthoung
"713","12",-0.12107058537,0.90363512726,"53","0","154",MMR,Myanmar,Tanintharyi,Kawthoung
"714","7",-0.87394815057,0.38214650009,"47","0","154",MMR,Myanmar,Tanintharyi,Kawthoung
"715","2",1.39057519967,0.16435428113,"45","0","154",MMR,Myanmar,Tanintharyi,Kawthoung
"716","1",1.21449382187,0.22455923014,"43","0","154",MMR,Myanmar,Tanintharyi,Kawthoung
"717","5",1.79594526987,0.07250322174,"42","1","154",MMR,Myanmar,Tanintharyi,Kawthoung
"718","31",1.95567428162,0.05050353625,"42","1","154",MMR,Myanmar,Tanintharyi,Kawthoung
"719","7",1.97783178636,0.04794768632,"43","2","154",MMR,Myanmar,Tanintharyi,Kawthoung
"720","1",1.84126445137,0.06558281447,"45","1","154",MMR,Myanmar,Tanintharyi,Kawthoung
"721","11",1.58442242857,0.11309762129,"39","0","154",MMR,Myanmar,Tanintharyi,Kawthoung
"722","3",1.70330641868,0.08851074003,"36","1","154",MMR,Myanmar,Tanintharyi,Kawthoung
"723","1",0.45817485453,0.64682682529,"34","0","154",MMR,Myanmar,Tanintharyi,Kawthoung
"724","1",-0.73693648819,0.46116097906,"33","0","154",MMR,Myanmar,Tanintharyi,Kawthoung
"725","8",-0.94020292786,0.34711349158,"31","0","154",MMR,Myanmar,Tanintharyi,Kawthoung
"726","4",0.17537877387,0.86078201817,"33","0","154",MMR,Myanmar,Tanintharyi,Kawthoung
"727","18",0.90754666189,0.36411779593,"35","0","154",MMR,Myanmar,Tanintharyi,Kawthoung
"728","27",0.82277681090,0.41063493372,"37","0","154",MMR,Myanmar,Tanintharyi,Kawthoung
"729","3",0.73108519151,0.46472712445,"42","0","154",MMR,Myanmar,Tanintharyi,Kawthoung
"730","5",1.11133004956,0.26642632727,"50","0","154",MMR,Myanmar,Tanintharyi,Kawthoung
"731","2",0.69246654865,0.48864439094,"46","0","154",MMR,Myanmar,Tanintharyi,Kawthoung
"732","2",-0.39114810344,0.69568776681,"43","0","154",MMR,Myanmar,Tanintharyi,Kawthoung
"733","3",-1.49079361910,0.13601568757,"35","0","154",MMR,Myanmar,Tanintharyi,Kawthoung
"734","6",-1.23921744270,0.21526500637,"32","0","154",MMR,Myanmar,Tanintharyi,Kawthoung
"735","2",-1.09588019785,0.27313122315,"33","0","154",MMR,Myanmar,Tanintharyi,Kawthoung
"736","1",-1.17807609136,0.23876629341,"34","0","154",MMR,Myanmar,Tanintharyi,Kawthoung
"737","3",-0.75189247609,0.45211572921,"33","0","154",MMR,Myanmar,Tanintharyi,Kawthoung
"738","4",-0.88649636721,0.37535012050,"33","0","154",MMR,Myanmar,Tanintharyi,Kawthoung
"739","4",-0.31342657207,0.75395659938,"35","0","154",MMR,Myanmar,Tanintharyi,Kawthoung
"740","9",-0.46180993379,0.64421762802,"36","0","154",MMR,Myanmar,Tanintharyi,Kawthoung
"769","3",-0.03597187935,0.97130478146,"56","0","154",MMR,Myanmar,Tanintharyi,Kawthoung
"770","14",-0.93021256574,0.35226104809,"54","0","154",MMR,Myanmar,Tanintharyi,Kawthoung
"771","1",-1.40362232901,0.16043134237,"47","0","154",MMR,Myanmar,Tanintharyi,Kawthoung
"772","3",-1.02944728945,0.30326955147,"51","0","154",MMR,Myanmar,Tanintharyi,Kawthoung
"773","15",0.69488519195,0.48712725828,"56","0","154",MMR,Myanmar,Tanintharyi,Kawthoung
"774","9",1.56253706696,0.11816152077,"55","0","154",MMR,Myanmar,Tanintharyi,Kawthoung
"775","7",1.55592236181,0.11972655521,"52","0","154",MMR,Myanmar,Tanintharyi,Kawthoung
"776","42",2.18877970698,0.02861285537,"50","2","154",MMR,Myanmar,Tanintharyi,Kawthoung
"777","66",2.39104165355,0.01680064669,"49","2","154",MMR,Myanmar,Tanintharyi,Kawthoung
"778","33",2.16038092244,0.03074319308,"51","2","154",MMR,Myanmar,Tanintharyi,Kawthoung
"779","19",2.05122330302,0.04024520555,"51","2","154",MMR,Myanmar,Tanintharyi,Kawthoung
"780","5",2.02961100759,0.04239609513,"50","2","154",MMR,Myanmar,Tanintharyi,Kawthoung
"781","1",2.12455483815,0.03362377565,"45","2","154",MMR,Myanmar,Tanintharyi,Kawthoung
"782","28",2.14202479533,0.03219148681,"42","2","154",MMR,Myanmar,Tanintharyi,Kawthoung
"783","2",1.44647669285,0.14804354461,"39","0","154",MMR,Myanmar,Tanintharyi,Kawthoung
"784","2",0.18524648458,0.85303571065,"31","0","154",MMR,Myanmar,Tanintharyi,Kawthoung
"785","2",0.93167837494,0.35150277654,"32","0","154",MMR,Myanmar,Tanintharyi,Kawthoung
"786","19",-1.34543966268,0.17848329403,"35","0","154",MMR,Myanmar,Tanintharyi,Kawthoung
"787","12",-1.18687677168,0.23527625205,"31","0","154",MMR,Myanmar,Tanintharyi,Kawthoung
"788","9",-1.30526402848,0.19180295832,"33","0","154",MMR,Myanmar,Tanintharyi,Kawthoung
"789","7",-1.21552810107,0.22416476027,"33","0","154",MMR,Myanmar,Tanintharyi,Kawthoung
"790","2",-1.09588019785,0.27313122315,"33","0","154",MMR,Myanmar,Tanintharyi,Kawthoung
"791","1",-0.84450911222,0.39838498200,"32","0","154",MMR,Myanmar,Tanintharyi,Kawthoung
"792","3",-0.69269821588,0.48849896376,"32","0","154",MMR,Myanmar,Tanintharyi,Kawthoung
"816","1",0.13506970970,0.89255675886,"55","0","154",MMR,Myanmar,Tanintharyi,Kawthoung
"817","2",-0.83557533886,0.40339385532,"53","0","154",MMR,Myanmar,Tanintharyi,Kawthoung
"818","14",-1.70473155507,0.08824450187,"50","-1","154",MMR,Myanmar,Tanintharyi,Kawthoung
"819","8",-1.63126907842,0.10283355498,"50","0","154",MMR,Myanmar,Tanintharyi,Kawthoung
"820","3",-1.22722545689,0.21973788702,"50","0","154",MMR,Myanmar,Tanintharyi,Kawthoung
"821","1",1.31506267639,0.18848883902,"64","0","154",MMR,Myanmar,Tanintharyi,Kawthoung
"822","14",1.69185599662,0.09067343376,"62","1","154",MMR,Myanmar,Tanintharyi,Kawthoung
"823","9",1.42240691160,0.15490815785,"61","0","154",MMR,Myanmar,Tanintharyi,Kawthoung
"824","27",2.68820535735,0.00718372023,"58","3","154",MMR,Myanmar,Tanintharyi,Kawthoung
"825","20",2.98485391913,0.00283713780,"58","3","154",MMR,Myanmar,Tanintharyi,Kawthoung
"826","9",2.54114264532,0.01104908307,"60","2","154",MMR,Myanmar,Tanintharyi,Kawthoung
"827","23",3.04405027806,0.00233416127,"59","3","154",MMR,Myanmar,Tanintharyi,Kawthoung
"828","7",2.90576575609,0.00366355596,"54","3","154",MMR,Myanmar,Tanintharyi,Kawthoung
"829","12",2.69504690892,0.00703787222,"47","3","154",MMR,Myanmar,Tanintharyi,Kawthoung
"830","12",2.78127346205,0.00541461058,"45","3","154",MMR,Myanmar,Tanintharyi,Kawthoung
"831","21",-0.36976966402,0.71155412105,"31","0","154",MMR,Myanmar,Tanintharyi,Kawthoung
"832","14",-0.97103715834,0.33152978747,"31","0","154",MMR,Myanmar,Tanintharyi,Kawthoung
"833","4",-1.28476071160,0.19887591545,"32","0","154",MMR,Myanmar,Tanintharyi,Kawthoung
"834","6",-1.21771100216,0.22333383730,"31","0","154",MMR,Myanmar,Tanintharyi,Kawthoung
"835","1",-0.64809565862,0.51692308571,"29","0","154",MMR,Myanmar,Tanintharyi,Kawthoung
"859","5",0.14091449091,0.88793749432,"53","0","154",MMR,Myanmar,Tanintharyi,Kawthoung
"860","12",0.36717432952,0.71348898690,"53","0","154",MMR,Myanmar,Tanintharyi,Kawthoung
"861","8",0.38166073282,0.70271303061,"56","0","154",MMR,Myanmar,Tanintharyi,Kawthoung
"862","6",0.42967678380,0.66743077498,"59","0","154",MMR,Myanmar,Tanintharyi,Kawthoung
"863","1",-0.06829911987,0.94554752473,"59","0","154",MMR,Myanmar,Tanintharyi,Kawthoung
"864","3",-1.10946882770,0.26722800251,"53","0","154",MMR,Myanmar,Tanintharyi,Kawthoung
"865","6",-1.61902533232,0.10544181271,"50","0","154",MMR,Myanmar,Tanintharyi,Kawthoung
"866","8",-1.58048862285,0.11399501033,"52","0","154",MMR,Myanmar,Tanintharyi,Kawthoung
"867","1",-1.90733246911,0.05647754818,"53","-1","154",MMR,Myanmar,Tanintharyi,Kawthoung
"868","1",3.03517757163,0.00240394106,"60","3","154",MMR,Myanmar,Tanintharyi,Kawthoung
"869","1",2.77593264366,0.00550436105,"54","3","154",MMR,Myanmar,Tanintharyi,Kawthoung
"870","12",0.26098301299,0.79410560736,"30","0","154",MMR,Myanmar,Tanintharyi,Kawthoung
"871","23",-0.25404481660,0.79946093516,"27","0","154",MMR,Myanmar,Tanintharyi,Kawthoung
"892","1",0.42568026756,0.67034084363,"50","0","154",MMR,Myanmar,Tanintharyi,Kawthoung
"893","6",0.27875531428,0.78043260994,"50","0","154",MMR,Myanmar,Tanintharyi,Kawthoung
"894","2",0.15915789977,0.87354447216,"51","0","154",MMR,Myanmar,Tanintharyi,Kawthoung
"895","3",-0.06383967614,0.94909788568,"55","0","154",MMR,Myanmar,Tanintharyi,Kawthoung
"896","2",-1.20168180083,0.22948685677,"54","0","154",MMR,Myanmar,Tanintharyi,Kawthoung
"897","8",-1.89542405655,0.05803624412,"53","-1","154",MMR,Myanmar,Tanintharyi,Kawthoung
"898","8",0.18634834117,0.85217160063,"25","0","154",MMR,Myanmar,Tanintharyi,Kawthoung
"899","4",-0.00669066825,0.99466165893,"27","0","154",MMR,Myanmar,Tanintharyi,Kawthoung
"913","1",-0.04702871469,0.96249034183,"51","0","154",MMR,Myanmar,Tanintharyi,Kawthoung
"914","1",-1.77217855170,0.07636492280,"65","-1","154",MMR,Myanmar,Tanintharyi,Kawthoung
"915","7",-0.91923684169,0.35797171548,"68","0","154",MMR,Myanmar,Tanintharyi,Kawthoung
"929","5",-1.83780329244,0.06609139631,"60","-1","154",MMR,Myanmar,Tanintharyi,Kawthoung
"930","1",-1.91011523296,0.05611837810,"67","-1","154",MMR,Myanmar,Tanintharyi,Kawthoung
"931","1",-0.90264177720,0.36671605653,"74","0","154",MMR,Myanmar,Tanintharyi,Kawthoung
"932","1",-0.29139953870,0.77074576769,"76","0","154",MMR,Myanmar,Tanintharyi,Kawthoung
"945","1",-1.41088164850,0.15827951416,"50","0","154",MMR,Myanmar,Tanintharyi,Kawthoung
"946","7",-1.86525914664,0.06214508857,"64","-1","154",MMR,Myanmar,Tanintharyi,Kawthoung
"947","2",-0.65072842324,0.51522181588,"75","0","154",MMR,Myanmar,Tanintharyi,Kawthoung
"948","10",2.16053152614,0.03073154577,"75","2","154",MMR,Myanmar,Tanintharyi,Kawthoung
"949","23",2.46973797851,0.01352120496,"78","2","154",MMR,Myanmar,Tanintharyi,Kawthoung
"950","7",3.72272163018,0.00019708678,"56","3","154",MMR,Myanmar,Tanintharyi,Kawthoung
"951","1",3.28834298976,0.00100778980,"51","3","154",MMR,Myanmar,Tanintharyi,Kawthoung
"962","4",-1.49149607013,0.13583130221,"71","0","154",MMR,Myanmar,Tanintharyi,Kawthoung
"963","5",-0.61301130333,0.53986886918,"76","0","154",MMR,Myanmar,Tanintharyi,Kawthoung
"964","3",-0.31807013187,0.75043173983,"73","0","154",MMR,Myanmar,Tanintharyi,Kawthoung
"965","7",-0.28809632817,0.77327300359,"71","0","154",MMR,Myanmar,Tanintharyi,Kawthoung
"966","23",0.61621012003,0.53775585351,"67","0","154",MMR,Myanmar,Tanintharyi,Kawthoung
"967","18",1.56491457748,0.11760294014,"67","0","154",MMR,Myanmar,Tanintharyi,Kawthoung
"968","31",2.52115297267,0.01169709889,"68","2","154",MMR,Myanmar,Tanintharyi,Kawthoung
"969","9",2.50254617689,0.01233035393,"71","2","154",MMR,Myanmar,Tanintharyi,Kawthoung
"970","3",2.90802425881,0.00363720122,"67","3","154",MMR,Myanmar,Tanintharyi,Kawthoung
"971","8",3.19725931102,0.00138740142,"63","3","154",MMR,Myanmar,Tanintharyi,Kawthoung
"972","33",3.40949717106,0.00065082753,"56","3","154",MMR,Myanmar,Tanintharyi,Kawthoung
"973","11",2.73974828180,0.00614862550,"50","3","154",MMR,Myanmar,Tanintharyi,Kawthoung
"974","19",2.37266176800,0.01766042778,"43","2","154",MMR,Myanmar,Tanintharyi,Kawthoung
"975","11",1.34360853117,0.17907500933,"35","0","154",MMR,Myanmar,Tanintharyi,Kawthoung
"976","15",1.23113269669,0.21827326174,"29","0","154",MMR,Myanmar,Tanintharyi,Kawthoung
"988","9",-0.42560769643,0.67039373232,"69","0","154",MMR,Myanmar,Tanintharyi,Kawthoung
"989","14",-0.32183473678,0.74757789756,"67","0","154",MMR,Myanmar,Tanintharyi,Kawthoung
"990","6",-0.11021043440,0.91224248724,"62","0","154",MMR,Myanmar,Tanintharyi,Kawthoung
"991","11",0.31798547692,0.75049595384,"60","0","154",MMR,Myanmar,Tanintharyi,Kawthoung
"992","28",0.67473874721,0.49984176689,"62","0","154",MMR,Myanmar,Tanintharyi,Kawthoung
"993","13",1.24414232604,0.21344720964,"63","0","154",MMR,Myanmar,Tanintharyi,Kawthoung
"994","1",1.57024415158,0.11635832150,"62","0","154",MMR,Myanmar,Tanintharyi,Kawthoung
"995","28",1.71701662490,0.08597613444,"57","1","154",MMR,Myanmar,Tanintharyi,Kawthoung
"996","2",1.98513095885,0.04712990318,"54","2","154",MMR,Myanmar,Tanintharyi,Kawthoung
"997","21",2.22301486913,0.02621479735,"48","2","154",MMR,Myanmar,Tanintharyi,Kawthoung
"998","13",2.09489767943,0.03618008920,"41","2","154",MMR,Myanmar,Tanintharyi,Kawthoung
"999","48",2.00597980333,0.04485840286,"34","2","154",MMR,Myanmar,Tanintharyi,Kawthoung
"1000","6",0.94974537204,0.34224166098,"27","0","154",MMR,Myanmar,Tanintharyi,Kawthoung
"1016","7",-1.10437109380,0.26943221215,"34","0","154",MMR,Myanmar,Tanintharyi,Kawthoung
"1017","13",-1.88351564399,0.05963052179,"53","-1","154",MMR,Myanmar,Tanintharyi,Kawthoung
"1018","7",-0.58281651774,0.56001682715,"65","0","154",MMR,Myanmar,Tanintharyi,Kawthoung
"1019","6",-0.24204808385,0.80874290542,"66","0","154",MMR,Myanmar,Tanintharyi,Kawthoung
"1020","1",-0.15032123266,0.88051118212,"65","0","154",MMR,Myanmar,Tanintharyi,Kawthoung
"1021","4",-0.18727751590,0.85144305090,"60","0","154",MMR,Myanmar,Tanintharyi,Kawthoung
"1022","5",0.19604623852,0.84457397515,"56","0","154",MMR,Myanmar,Tanintharyi,Kawthoung
"1023","4",0.27725257978,0.78158616890,"56","0","154",MMR,Myanmar,Tanintharyi,Kawthoung
"1024","12",0.81970872610,0.41238218203,"57","0","154",MMR,Myanmar,Tanintharyi,Kawthoung
"1025","8",1.15301774316,0.24890312151,"55","0","154",MMR,Myanmar,Tanintharyi,Kawthoung
"1026","4",1.85620880484,0.06342380158,"40","1","154",MMR,Myanmar,Tanintharyi,Kawthoung
"1027","1",1.94018534637,0.05235716873,"33","1","154",MMR,Myanmar,Tanintharyi,Kawthoung
"1028","8",1.26306062662,0.20656741751,"27","0","154",MMR,Myanmar,Tanintharyi,Kawthoung
"1047","2",-1.20885526343,0.22671847807,"32","0","154",MMR,Myanmar,Tanintharyi,Kawthoung
"1048","1",-1.45967862765,0.14437841840,"38","0","154",MMR,Myanmar,Tanintharyi,Kawthoung
"1049","25",-1.43086705507,0.15246832062,"43","0","154",MMR,Myanmar,Tanintharyi,Kawthoung
"1050","8",-1.67620057110,0.09369891238,"49","-1","154",MMR,Myanmar,Tanintharyi,Kawthoung
"1051","1",0.06323421696,0.94957999809,"61","0","154",MMR,Myanmar,Tanintharyi,Kawthoung
"1052","1",-0.27316627884,0.78472540041,"57","0","154",MMR,Myanmar,Tanintharyi,Kawthoung
"1053","19",0.24037467868,0.81003980651,"55","0","154",MMR,Myanmar,Tanintharyi,Kawthoung
"1054","23",0.98490783929,0.32466935522,"56","0","154",MMR,Myanmar,Tanintharyi,Kawthoung
"1055","1",1.44101375607,0.14958079656,"28","0","154",MMR,Myanmar,Tanintharyi,Kawthoung
"1066","1",-0.83120449608,0.40585812336,"27","0","154",MMR,Myanmar,Tanintharyi,Kawthoung
"1067","24",-1.03920942441,0.29870736322,"30","0","154",MMR,Myanmar,Tanintharyi,Kawthoung
"1068","33",-1.25042847277,0.21114309322,"36","0","154",MMR,Myanmar,Tanintharyi,Kawthoung
"1069","6",-1.44666805961,0.14798991429,"41","0","154",MMR,Myanmar,Tanintharyi,Kawthoung
"1070","17",-1.43505690453,0.15127088270,"48","0","154",MMR,Myanmar,Tanintharyi,Kawthoung
"1071","1",-1.30409991539,0.19219951776,"52","0","154",MMR,Myanmar,Tanintharyi,Kawthoung
"1072","1",-0.28212933660,0.77784433954,"61","0","154",MMR,Myanmar,Tanintharyi,Kawthoung
"1073","5",-0.19252106072,0.84733407251,"53","0","154",MMR,Myanmar,Tanintharyi,Kawthoung
"1074","7",0.43862480487,0.66093342193,"53","0","154",MMR,Myanmar,Tanintharyi,Kawthoung
"1075","14",1.16503797093,0.24400364338,"53","0","154",MMR,Myanmar,Tanintharyi,Kawthoung
"1087","1",-0.93475761113,0.34991324047,"29","0","154",MMR,Myanmar,Tanintharyi,Kawthoung
"1088","6",-1.15647951933,0.24748509191,"35","0","154",MMR,Myanmar,Tanintharyi,Kawthoung
"1089","2",-1.26205296748,0.20692975241,"45","0","154",MMR,Myanmar,Tanintharyi,Kawthoung
"1090","2",-1.21137665515,0.22575110461,"51","0","154",MMR,Myanmar,Tanintharyi,Kawthoung
"1091","2",-0.55526286471,0.57871487780,"55","0","154",MMR,Myanmar,Tanintharyi,Kawthoung
"1092","13",0.12336915759,0.90181477917,"55","0","154",MMR,Myanmar,Tanintharyi,Kawthoung
"1093","4",-0.03958208450,0.96842631074,"50","0","154",MMR,Myanmar,Tanintharyi,Kawthoung
"1094","3",0.58749472459,0.55687149543,"48","0","154",MMR,Myanmar,Tanintharyi,Kawthoung
"1110","2",-0.93559565003,0.34948142626,"32","0","154",MMR,Myanmar,Tanintharyi,Kawthoung
"1111","3",-1.13840029856,0.25495338845,"38","0","154",MMR,Myanmar,Tanintharyi,Kawthoung
"1112","3",-0.10617089775,0.91544676065,"49","0","154",MMR,Myanmar,Tanintharyi,Kawthoung
"1113","2",0.77248708305,0.43982600091,"45","0","154",MMR,Myanmar,Tanintharyi,Kawthoung
"1114","4",0.84974809763,0.39546515989,"45","0","154",MMR,Myanmar,Tanintharyi,Kawthoung
"18","2",-2.17325605231,0.02976105117,"21","-2","154",MMR,Myanmar,Tanintharyi,Myeik
"19","8",-2.17325605231,0.02976105117,"21","-2","154",MMR,Myanmar,Tanintharyi,Myeik
"25","2",-2.17325605231,0.02976105117,"21","-2","154",MMR,Myanmar,Tanintharyi,Myeik
"26","2",-2.00838556257,0.04460233589,"22","-2","154",MMR,Myanmar,Tanintharyi,Myeik
"27","8",-1.94710902842,0.05152166484,"24","-1","154",MMR,Myanmar,Tanintharyi,Myeik
"29","3",-2.27980377598,0.02261932896,"23","-2","154",MMR,Myanmar,Tanintharyi,Myeik
"30","1",-2.08361814563,0.03719491512,"23","-2","154",MMR,Myanmar,Tanintharyi,Myeik
"31","7",-2.02238602045,0.04313648814,"25","-2","154",MMR,Myanmar,Tanintharyi,Myeik
"32","1",-2.02238602045,0.04313648814,"25","-2","154",MMR,Myanmar,Tanintharyi,Myeik
"33","1",-1.86256302464,0.06252377059,"22","-1","154",MMR,Myanmar,Tanintharyi,Myeik
"38","8",-2.27980377598,0.02261932896,"23","-2","154",MMR,Myanmar,Tanintharyi,Myeik
"39","2",-2.06200983679,0.03920679946,"26","-2","154",MMR,Myanmar,Tanintharyi,Myeik
"43","2",-1.90801737740,0.05638897032,"20","-1","154",MMR,Myanmar,Tanintharyi,Myeik
"44","6",-2.09952464878,0.03577067731,"22","-2","154",MMR,Myanmar,Tanintharyi,Myeik
"45","5",-2.27980377598,0.02261932896,"23","-2","154",MMR,Myanmar,Tanintharyi,Myeik
"46","1",-2.00526404865,0.04493482608,"25","-2","154",MMR,Myanmar,Tanintharyi,Myeik
"47","1",-1.94710902842,0.05152166484,"24","-1","154",MMR,Myanmar,Tanintharyi,Myeik
"48","1",-1.86256302464,0.06252377059,"22","-1","154",MMR,Myanmar,Tanintharyi,Myeik
"49","15",-1.66946487058,0.09502528678,"16","-1","154",MMR,Myanmar,Tanintharyi,Myeik
"50","3",-1.07978123122,0.28023962744,"11","0","154",MMR,Myanmar,Tanintharyi,Myeik
"67","1",-2.12511785122,0.03357678039,"25","-2","154",MMR,Myanmar,Tanintharyi,Myeik
"68","1",-1.98814207686,0.04679597894,"25","-2","154",MMR,Myanmar,Tanintharyi,Myeik
"69","13",-1.33161718286,0.18298601566,"13","0","154",MMR,Myanmar,Tanintharyi,Myeik
"90","2",-2.10095579094,0.03564484722,"27","-2","154",MMR,Myanmar,Tanintharyi,Myeik
"123","2",-0.27622210139,0.78237748321,"28","0","154",MMR,Myanmar,Tanintharyi,Myeik
"130","6",1.51779464920,0.12906617443,"29","0","154",MMR,Myanmar,Tanintharyi,Myeik
"131","4",3.76958266323,0.00016352074,"27","3","154",MMR,Myanmar,Tanintharyi,Myeik
"142","6",0.42605594630,0.67006708107,"25","0","154",MMR,Myanmar,Tanintharyi,Myeik
"143","10",3.08366414951,0.00204468276,"31","3","154",MMR,Myanmar,Tanintharyi,Myeik
"144","9",5.69122968145,0.00000001261,"34","3","154",MMR,Myanmar,Tanintharyi,Myeik
"162","1",2.86982507362,0.00410698934,"35","3","154",MMR,Myanmar,Tanintharyi,Myeik
"163","2",4.84196768234,0.00000128560,"41","3","154",MMR,Myanmar,Tanintharyi,Myeik
"164","1",-1.52611343635,0.12698161640,"14","0","154",MMR,Myanmar,Tanintharyi,Myeik
"165","2",-1.66946487058,0.09502528678,"16","-1","154",MMR,Myanmar,Tanintharyi,Myeik
"166","3",-1.57160056522,0.11604321531,"17","0","154",MMR,Myanmar,Tanintharyi,Myeik
"167","1",-1.42318071702,0.15468377404,"15","0","154",MMR,Myanmar,Tanintharyi,Myeik
"182","1",-0.80798055317,0.41910178458,"19","0","154",MMR,Myanmar,Tanintharyi,Myeik
"183","1",4.99762241569,0.00000058041,"25","3","154",MMR,Myanmar,Tanintharyi,Myeik
"198","15",2.92249606499,0.00347238009,"39","3","154",MMR,Myanmar,Tanintharyi,Myeik
"199","9",5.33088694310,0.00000009773,"45","3","154",MMR,Myanmar,Tanintharyi,Myeik
"200","3",4.76803516410,0.00000186031,"51","3","154",MMR,Myanmar,Tanintharyi,Myeik
"201","1",5.08468545149,0.00000036824,"44","3","154",MMR,Myanmar,Tanintharyi,Myeik
"202","18",5.37396725466,0.00000007702,"36","3","154",MMR,Myanmar,Tanintharyi,Myeik
"212","1",-0.75066617293,0.45285359181,"22","0","154",MMR,Myanmar,Tanintharyi,Myeik
"213","1",0.35609541600,0.72176911072,"27","0","154",MMR,Myanmar,Tanintharyi,Myeik
"223","6",2.48106971070,0.01309887529,"39","2","154",MMR,Myanmar,Tanintharyi,Myeik
"224","14",4.40375476817,0.00001063932,"45","3","154",MMR,Myanmar,Tanintharyi,Myeik
"225","3",4.74377791534,0.00000209769,"51","3","154",MMR,Myanmar,Tanintharyi,Myeik
"226","62",5.24131154331,0.00000015944,"46","3","154",MMR,Myanmar,Tanintharyi,Myeik
"227","62",5.67181884696,0.00000001413,"40","3","154",MMR,Myanmar,Tanintharyi,Myeik
"228","1",4.77434270969,0.00000180295,"26","3","154",MMR,Myanmar,Tanintharyi,Myeik
"236","8",1.35814392681,0.17441801909,"35","0","154",MMR,Myanmar,Tanintharyi,Myeik
"237","1",2.84645774596,0.00442085958,"43","3","154",MMR,Myanmar,Tanintharyi,Myeik
"238","6",4.83235616843,0.00000134927,"48","3","154",MMR,Myanmar,Tanintharyi,Myeik
"239","19",4.79669762779,0.00000161303,"50","3","154",MMR,Myanmar,Tanintharyi,Myeik
"240","19",4.91913508886,0.00000086927,"50","3","154",MMR,Myanmar,Tanintharyi,Myeik
"241","6",4.78016378848,0.00000175152,"51","3","154",MMR,Myanmar,Tanintharyi,Myeik
"242","8",4.91913508886,0.00000086927,"50","3","154",MMR,Myanmar,Tanintharyi,Myeik
"243","104",5.06956901382,0.00000039872,"48","3","154",MMR,Myanmar,Tanintharyi,Myeik
"244","142",5.83534499163,0.00000000537,"40","3","154",MMR,Myanmar,Tanintharyi,Myeik
"245","6",0.54754891761,0.58400167530,"16","0","154",MMR,Myanmar,Tanintharyi,Myeik
"246","2",-0.62306567850,0.53324136618,"13","0","154",MMR,Myanmar,Tanintharyi,Myeik
"247","6",-1.00282115957,0.31594717114,"11","0","154",MMR,Myanmar,Tanintharyi,Myeik
"248","2",-2.39298025488,0.01671214043,"32","-2","154",MMR,Myanmar,Tanintharyi,Myeik
"261","8",4.99951615020,0.00000057474,"49","3","154",MMR,Myanmar,Tanintharyi,Myeik
"262","78",5.14447833342,0.00000026827,"48","3","154",MMR,Myanmar,Tanintharyi,Myeik
"263","37",5.08205390042,0.00000037338,"48","3","154",MMR,Myanmar,Tanintharyi,Myeik
"264","8",5.17760222966,0.00000022476,"46","3","154",MMR,Myanmar,Tanintharyi,Myeik
"265","1",5.59606533019,0.00000002193,"41","3","154",MMR,Myanmar,Tanintharyi,Myeik
"266","5",6.17692431254,0.00000000065,"36","3","154",MMR,Myanmar,Tanintharyi,Myeik
"267","1",0.14878155011,0.88172600951,"18","0","154",MMR,Myanmar,Tanintharyi,Myeik
"268","3",0.06831752372,0.94553287481,"18","0","154",MMR,Myanmar,Tanintharyi,Myeik
"269","2",-1.16452917742,0.24420964632,"30","0","154",MMR,Myanmar,Tanintharyi,Myeik
"270","7",-2.32373689269,0.02013959987,"30","-2","154",MMR,Myanmar,Tanintharyi,Myeik
"271","7",-2.39298025488,0.01671214043,"32","-2","154",MMR,Myanmar,Tanintharyi,Myeik
"272","2",-2.39298025488,0.01671214043,"32","-2","154",MMR,Myanmar,Tanintharyi,Myeik
"273","8",-2.39298025488,0.01671214043,"32","-2","154",MMR,Myanmar,Tanintharyi,Myeik
"274","11",-2.39298025488,0.01671214043,"32","-2","154",MMR,Myanmar,Tanintharyi,Myeik
"275","3",-2.13926100336,0.03241453608,"28","-2","154",MMR,Myanmar,Tanintharyi,Myeik
"281","5",2.35375545243,0.01858483322,"38","2","154",MMR,Myanmar,Tanintharyi,Myeik
"282","6",4.47842167004,0.00000751970,"43","3","154",MMR,Myanmar,Tanintharyi,Myeik
"283","5",4.98647428871,0.00000061491,"46","3","154",MMR,Myanmar,Tanintharyi,Myeik
"284","10",5.20308595512,0.00000019601,"46","3","154",MMR,Myanmar,Tanintharyi,Myeik
"285","7",5.51422857226,0.00000003503,"44","3","154",MMR,Myanmar,Tanintharyi,Myeik
"286","4",5.20308595512,0.00000019601,"46","3","154",MMR,Myanmar,Tanintharyi,Myeik
"287","1",-0.00486725021,0.99611651154,"19","0","154",MMR,Myanmar,Tanintharyi,Myeik
"288","15",0.06831752372,0.94553287481,"18","0","154",MMR,Myanmar,Tanintharyi,Myeik
"289","14",0.06831752372,0.94553287481,"18","0","154",MMR,Myanmar,Tanintharyi,Myeik
"290","1",0.12498528783,0.90053519763,"17","0","154",MMR,Myanmar,Tanintharyi,Myeik
"291","4",-2.39298025488,0.01671214043,"32","-2","154",MMR,Myanmar,Tanintharyi,Myeik
"292","2",-2.39298025488,0.01671214043,"32","-2","154",MMR,Myanmar,Tanintharyi,Myeik
"293","2",-2.39298025488,0.01671214043,"32","-2","154",MMR,Myanmar,Tanintharyi,Myeik
"294","3",-2.31232618413,0.02075971479,"31","-2","154",MMR,Myanmar,Tanintharyi,Myeik
"295","11",-2.24541204706,0.02474169274,"30","-2","154",MMR,Myanmar,Tanintharyi,Myeik
"296","2",-1.91965418968,0.05490159429,"25","-1","154",MMR,Myanmar,Tanintharyi,Myeik
"301","3",1.25639615731,0.20897239876,"35","0","154",MMR,Myanmar,Tanintharyi,Myeik
"302","3",2.39566132144,0.01659041183,"38","2","154",MMR,Myanmar,Tanintharyi,Myeik
"303","17",5.29294878277,0.00000012036,"44","3","154",MMR,Myanmar,Tanintharyi,Myeik
"304","13",5.33199815739,0.00000009714,"44","3","154",MMR,Myanmar,Tanintharyi,Myeik
"305","4",5.38984803434,0.00000007052,"42","3","154",MMR,Myanmar,Tanintharyi,Myeik
"306","11",6.48149604639,0.00000000009,"39","3","154",MMR,Myanmar,Tanintharyi,Myeik
"307","6",0.06831752372,0.94553287481,"18","0","154",MMR,Myanmar,Tanintharyi,Myeik
"308","2",-0.07249452248,0.94220836443,"18","0","154",MMR,Myanmar,Tanintharyi,Myeik
"309","9",-0.15921711131,0.87349782300,"21","0","154",MMR,Myanmar,Tanintharyi,Myeik
"310","1",-0.39252069320,0.69467352559,"24","0","154",MMR,Myanmar,Tanintharyi,Myeik
"311","1",-2.16708720144,0.03022820563,"30","-2","154",MMR,Myanmar,Tanintharyi,Myeik
"312","1",-2.16708720144,0.03022820563,"30","-2","154",MMR,Myanmar,Tanintharyi,Myeik
"313","3",-2.04484119705,0.04087051674,"22","-2","154",MMR,Myanmar,Tanintharyi,Myeik
"321","2",-2.09087390763,0.03653936864,"25","-2","154",MMR,Myanmar,Tanintharyi,Myeik
"322","37",4.86981082823,0.00000111705,"48","3","154",MMR,Myanmar,Tanintharyi,Myeik
"323","18",4.83896620260,0.00000130516,"47","3","154",MMR,Myanmar,Tanintharyi,Myeik
"324","4",5.25389940816,0.00000014891,"44","3","154",MMR,Myanmar,Tanintharyi,Myeik
"325","4",5.24175963453,0.00000015905,"43","3","154",MMR,Myanmar,Tanintharyi,Myeik
"326","9",0.00084485956,0.99932589968,"17","0","154",MMR,Myanmar,Tanintharyi,Myeik
"327","54",-0.34176937899,0.73252445607,"20","0","154",MMR,Myanmar,Tanintharyi,Myeik
"328","17",-0.29497074191,0.76801623078,"22","0","154",MMR,Myanmar,Tanintharyi,Myeik
"329","4",-0.90093370749,0.36762357796,"38","0","154",MMR,Myanmar,Tanintharyi,Myeik
"330","18",-1.50158449666,0.13320444968,"38","0","154",MMR,Myanmar,Tanintharyi,Myeik
"331","1",-1.65190700171,0.09855351052,"36","-1","154",MMR,Myanmar,Tanintharyi,Myeik
"332","2",-1.63504707625,0.10203917933,"34","0","154",MMR,Myanmar,Tanintharyi,Myeik
"333","1",-2.13712331754,0.03258796288,"23","-2","154",MMR,Myanmar,Tanintharyi,Myeik
"349","4",6.80285793457,0.00000000001,"44","3","154",MMR,Myanmar,Tanintharyi,Myeik
"350","10",-0.09261052908,0.92621297871,"18","0","154",MMR,Myanmar,Tanintharyi,Myeik
"351","2",-0.19373311262,0.84638486300,"43","0","154",MMR,Myanmar,Tanintharyi,Myeik
"352","1",-0.96796761391,0.33306055655,"44","0","154",MMR,Myanmar,Tanintharyi,Myeik
"353","2",-0.96189100028,0.33610437185,"41","0","154",MMR,Myanmar,Tanintharyi,Myeik
"354","3",-1.15819162247,0.24678586621,"37","0","154",MMR,Myanmar,Tanintharyi,Myeik
"355","2",-1.87682320732,0.06054232862,"32","-1","154",MMR,Myanmar,Tanintharyi,Myeik
"371","6",-3.05708185298,0.00223503234,"36","-3","154",MMR,Myanmar,Tanintharyi,Myeik
"372","2",-2.14488642301,0.03196192903,"35","-2","154",MMR,Myanmar,Tanintharyi,Myeik
"373","2",-0.16986411087,0.86511700633,"20","0","154",MMR,Myanmar,Tanintharyi,Myeik
"374","5",-1.83812284981,0.06604430487,"30","-1","154",MMR,Myanmar,Tanintharyi,Myeik
"386","2",-2.99972777742,0.00270220995,"36","-3","154",MMR,Myanmar,Tanintharyi,Myeik
"387","3",-3.05708185298,0.00223503234,"36","-3","154",MMR,Myanmar,Tanintharyi,Myeik
"388","25",2.67338825828,0.00750892876,"30","3","154",MMR,Myanmar,Tanintharyi,Myeik
"389","5",2.38886498344,0.01690051203,"33","2","154",MMR,Myanmar,Tanintharyi,Myeik
"402","3",-3.05708185298,0.00223503234,"36","-3","154",MMR,Myanmar,Tanintharyi,Myeik
"403","3",-3.07682989248,0.00209214656,"40","-3","154",MMR,Myanmar,Tanintharyi,Myeik
"404","5",-3.08910033961,0.00200763621,"42","-3","154",MMR,Myanmar,Tanintharyi,Myeik
"405","9",2.40912228484,0.01599093900,"52","2","154",MMR,Myanmar,Tanintharyi,Myeik
"406","19",2.64709653552,0.00811861734,"38","3","154",MMR,Myanmar,Tanintharyi,Myeik
"407","41",3.18578915642,0.00144359763,"37","3","154",MMR,Myanmar,Tanintharyi,Myeik
"408","4",3.36973622524,0.00075240169,"37","3","154",MMR,Myanmar,Tanintharyi,Myeik
"424","5",-3.08910033961,0.00200763621,"42","-3","154",MMR,Myanmar,Tanintharyi,Myeik
"425","2",-2.76633894336,0.00566895795,"41","-3","154",MMR,Myanmar,Tanintharyi,Myeik
"426","2",-2.40220933355,0.01629637984,"39","-2","154",MMR,Myanmar,Tanintharyi,Myeik
"427","2",-0.58171972436,0.56075548631,"46","0","154",MMR,Myanmar,Tanintharyi,Myeik
"428","5",0.09851477787,0.92152353800,"51","0","154",MMR,Myanmar,Tanintharyi,Myeik
"429","1",0.61860413651,0.53617717962,"52","0","154",MMR,Myanmar,Tanintharyi,Myeik
"430","9",1.87845197389,0.06031936118,"55","1","154",MMR,Myanmar,Tanintharyi,Myeik
"431","1",2.15659933454,0.03103689644,"56","2","154",MMR,Myanmar,Tanintharyi,Myeik
"432","10",1.94709557331,0.05152327763,"57","1","154",MMR,Myanmar,Tanintharyi,Myeik
"433","6",2.32307295402,0.02017523363,"55","2","154",MMR,Myanmar,Tanintharyi,Myeik
"434","1",2.39327626667,0.01669866219,"55","2","154",MMR,Myanmar,Tanintharyi,Myeik
"435","2",0.21189019889,0.83219269728,"29","0","154",MMR,Myanmar,Tanintharyi,Myeik
"436","4",-0.63197385735,0.52740396372,"32","0","154",MMR,Myanmar,Tanintharyi,Myeik
"437","4",1.75383998219,0.07945792998,"59","1","154",MMR,Myanmar,Tanintharyi,Myeik
"438","2",3.46212930212,0.00053591962,"50","3","154",MMR,Myanmar,Tanintharyi,Myeik
"453","3",-2.87201081208,0.00407869012,"30","-3","154",MMR,Myanmar,Tanintharyi,Myeik
"454","1",-2.71317118034,0.00666426708,"31","-3","154",MMR,Myanmar,Tanintharyi,Myeik
"455","2",-3.08952364959,0.00200477745,"41","-3","154",MMR,Myanmar,Tanintharyi,Myeik
"456","1",-2.95418528398,0.00313495724,"40","-3","154",MMR,Myanmar,Tanintharyi,Myeik
"457","1",-2.59987863721,0.00932567350,"40","-3","154",MMR,Myanmar,Tanintharyi,Myeik
"458","16",-2.11741551811,0.03422459832,"42","-2","154",MMR,Myanmar,Tanintharyi,Myeik
"459","2",-0.98744976024,0.32342221347,"47","0","154",MMR,Myanmar,Tanintharyi,Myeik
"460","1",0.08638615349,0.93115945370,"51","0","154",MMR,Myanmar,Tanintharyi,Myeik
"461","19",0.52198369278,0.60168168680,"53","0","154",MMR,Myanmar,Tanintharyi,Myeik
"462","6",1.24662216002,0.21253609650,"55","0","154",MMR,Myanmar,Tanintharyi,Myeik
"463","20",1.69400873006,0.09026362414,"57","1","154",MMR,Myanmar,Tanintharyi,Myeik
"464","13",1.86701632393,0.06189930830,"59","1","154",MMR,Myanmar,Tanintharyi,Myeik
"465","45",1.74252234801,0.08141708445,"59","1","154",MMR,Myanmar,Tanintharyi,Myeik
"466","28",2.02645087337,0.04271860217,"58","2","154",MMR,Myanmar,Tanintharyi,Myeik
"467","2",2.33061292295,0.01977377944,"56","2","154",MMR,Myanmar,Tanintharyi,Myeik
"468","16",2.35587922675,0.01847892453,"53","2","154",MMR,Myanmar,Tanintharyi,Myeik
"469","1",2.40295341003,0.01626325929,"51","2","154",MMR,Myanmar,Tanintharyi,Myeik
"470","1",1.50039223015,0.13351283101,"61","0","154",MMR,Myanmar,Tanintharyi,Myeik
"471","2",2.25923047934,0.02386905181,"66","2","154",MMR,Myanmar,Tanintharyi,Myeik
"472","1",1.95048423902,0.05111843012,"69","1","154",MMR,Myanmar,Tanintharyi,Myeik
"473","1",0.81988517595,0.41228157604,"46","0","154",MMR,Myanmar,Tanintharyi,Myeik
"474","1",1.47622121396,0.13988451637,"49","0","154",MMR,Myanmar,Tanintharyi,Myeik
"475","1",0.47747785615,0.63302188713,"43","0","154",MMR,Myanmar,Tanintharyi,Myeik
"476","8",0.59797768171,0.54985482815,"42","0","154",MMR,Myanmar,Tanintharyi,Myeik
"489","3",-2.73867351965,0.00616875981,"28","-3","154",MMR,Myanmar,Tanintharyi,Myeik
"490","9",-2.68403118257,0.00727403215,"30","-3","154",MMR,Myanmar,Tanintharyi,Myeik
"491","3",-2.80567387177,0.00502114836,"31","-3","154",MMR,Myanmar,Tanintharyi,Myeik
"492","1",-3.07515174412,0.00210395479,"35","-3","154",MMR,Myanmar,Tanintharyi,Myeik
"493","1",-2.94035266607,0.00327838872,"38","-3","154",MMR,Myanmar,Tanintharyi,Myeik
"494","1",-2.63671708427,0.00837126174,"39","-3","154",MMR,Myanmar,Tanintharyi,Myeik
"495","1",-2.54335954945,0.01097921866,"42","-2","154",MMR,Myanmar,Tanintharyi,Myeik
"496","4",0.85204197763,0.39419080248,"54","0","154",MMR,Myanmar,Tanintharyi,Myeik
"497","36",1.87833395811,0.06033549386,"59","1","154",MMR,Myanmar,Tanintharyi,Myeik
"498","38",1.73434818578,0.08285632261,"61","1","154",MMR,Myanmar,Tanintharyi,Myeik
"499","8",2.02546320237,0.04281982329,"59","2","154",MMR,Myanmar,Tanintharyi,Myeik
"500","19",2.39327626667,0.01669866219,"55","2","154",MMR,Myanmar,Tanintharyi,Myeik
"501","43",2.37969605187,0.01732692330,"53","2","154",MMR,Myanmar,Tanintharyi,Myeik
"502","5",2.25286964137,0.02426736954,"55","2","154",MMR,Myanmar,Tanintharyi,Myeik
"503","8",2.26061192629,0.02378329858,"53","2","154",MMR,Myanmar,Tanintharyi,Myeik
"504","4",2.23423193900,0.02546781595,"46","2","154",MMR,Myanmar,Tanintharyi,Myeik
"505","3",0.42911246378,0.66784138350,"58","0","154",MMR,Myanmar,Tanintharyi,Myeik
"506","10",0.87685506939,0.38056537256,"65","0","154",MMR,Myanmar,Tanintharyi,Myeik
"507","1",1.61037050613,0.10731699539,"71","0","154",MMR,Myanmar,Tanintharyi,Myeik
"508","1",1.91605938441,0.05535753732,"74","1","154",MMR,Myanmar,Tanintharyi,Myeik
"509","15",2.17064397200,0.02995809546,"75","2","154",MMR,Myanmar,Tanintharyi,Myeik
"510","1",2.68080708562,0.00734448426,"77","3","154",MMR,Myanmar,Tanintharyi,Myeik
"511","1",4.20824133740,0.00002573659,"73","3","154",MMR,Myanmar,Tanintharyi,Myeik
"512","1",4.39063887549,0.00001130181,"71","3","154",MMR,Myanmar,Tanintharyi,Myeik
"513","2",1.02375497963,0.30595103395,"46","0","154",MMR,Myanmar,Tanintharyi,Myeik
"514","12",1.01714696254,0.30908353635,"45","0","154",MMR,Myanmar,Tanintharyi,Myeik
"515","3",0.68502515810,0.49332805026,"49","0","154",MMR,Myanmar,Tanintharyi,Myeik
"516","32",0.31282721940,0.75441193491,"48","0","154",MMR,Myanmar,Tanintharyi,Myeik
"517","13",0.32531210600,0.74494487000,"48","0","154",MMR,Myanmar,Tanintharyi,Myeik
"518","14",0.42519119880,0.67069730075,"48","0","154",MMR,Myanmar,Tanintharyi,Myeik
"528","2",-2.77705712977,0.00548535365,"27","-3","154",MMR,Myanmar,Tanintharyi,Myeik
"529","1",-2.80567387177,0.00502114836,"31","-3","154",MMR,Myanmar,Tanintharyi,Myeik
"530","1",-0.90026629262,0.36797856464,"46","0","154",MMR,Myanmar,Tanintharyi,Myeik
"531","1",0.28785744620,0.77345586213,"48","0","154",MMR,Myanmar,Tanintharyi,Myeik
"532","5",1.86701632393,0.06189930830,"59","1","154",MMR,Myanmar,Tanintharyi,Myeik
"533","18",1.77763412284,0.07546396569,"60","1","154",MMR,Myanmar,Tanintharyi,Myeik
"534","62",1.94623976315,0.05162594556,"59","1","154",MMR,Myanmar,Tanintharyi,Myeik
"535","35",2.29581020527,0.02168673568,"56","2","154",MMR,Myanmar,Tanintharyi,Myeik
"536","29",2.40351287699,0.01623839510,"53","2","154",MMR,Myanmar,Tanintharyi,Myeik
"537","44",2.32741825526,0.01994301508,"54","2","154",MMR,Myanmar,Tanintharyi,Myeik
"538","19",2.07736135974,0.03776821972,"55","2","154",MMR,Myanmar,Tanintharyi,Myeik
"539","2",2.42812896866,0.01517694527,"49","2","154",MMR,Myanmar,Tanintharyi,Myeik
"540","6",1.58325819430,0.11336262731,"44","0","154",MMR,Myanmar,Tanintharyi,Myeik
"541","8",0.18534440135,0.85295891414,"42","0","154",MMR,Myanmar,Tanintharyi,Myeik
"542","4",-0.28644733738,0.77453552324,"48","0","154",MMR,Myanmar,Tanintharyi,Myeik
"543","11",1.34588617412,0.17833922835,"72","0","154",MMR,Myanmar,Tanintharyi,Myeik
"544","2",1.44210417291,0.14927298804,"77","0","154",MMR,Myanmar,Tanintharyi,Myeik
"545","29",1.52012071515,0.12848063916,"81","0","154",MMR,Myanmar,Tanintharyi,Myeik
"546","65",2.23511326307,0.02540991386,"85","2","154",MMR,Myanmar,Tanintharyi,Myeik
"547","56",2.24548090199,0.02473727692,"86","2","154",MMR,Myanmar,Tanintharyi,Myeik
"548","1",2.33027477744,0.01979163296,"84","2","154",MMR,Myanmar,Tanintharyi,Myeik
"549","4",3.96357727995,0.00007383495,"86","3","154",MMR,Myanmar,Tanintharyi,Myeik
"550","14",4.32615492841,0.00001517347,"84","3","154",MMR,Myanmar,Tanintharyi,Myeik
"551","1",5.03227799335,0.00000048469,"70","3","154",MMR,Myanmar,Tanintharyi,Myeik
"552","4",5.17851919631,0.00000022365,"67","3","154",MMR,Myanmar,Tanintharyi,Myeik
"553","11",5.05429460384,0.00000043198,"61","3","154",MMR,Myanmar,Tanintharyi,Myeik
"554","2",3.92604859291,0.00008635272,"55","3","154",MMR,Myanmar,Tanintharyi,Myeik
"555","7",0.56140077438,0.57452435886,"49","0","154",MMR,Myanmar,Tanintharyi,Myeik
"556","26",0.46237350926,0.64381349442,"51","0","154",MMR,Myanmar,Tanintharyi,Myeik
"557","5",0.40229993067,0.68746330665,"52","0","154",MMR,Myanmar,Tanintharyi,Myeik
"558","4",0.11064340225,0.91189912876,"51","0","154",MMR,Myanmar,Tanintharyi,Myeik
"559","44",0.20767239729,0.83548477169,"51","0","154",MMR,Myanmar,Tanintharyi,Myeik
"560","7",0.35123932204,0.72540881297,"49","0","154",MMR,Myanmar,Tanintharyi,Myeik
"571","1",-0.04379908135,0.96506455936,"44","0","154",MMR,Myanmar,Tanintharyi,Myeik
"572","2",0.61085052787,0.54129854247,"49","0","154",MMR,Myanmar,Tanintharyi,Myeik
"573","2",2.07539299329,0.03795012705,"56","2","154",MMR,Myanmar,Tanintharyi,Myeik
"574","9",1.80966923207,0.07034709662,"58","1","154",MMR,Myanmar,Tanintharyi,Myeik
"575","18",1.91228686063,0.05583941021,"59","1","154",MMR,Myanmar,Tanintharyi,Myeik
"576","7",2.18867846914,0.02862021798,"57","2","154",MMR,Myanmar,Tanintharyi,Myeik
"577","10",2.40351287699,0.01623839510,"53","2","154",MMR,Myanmar,Tanintharyi,Myeik
"578","2",2.43315608548,0.01496784703,"52","2","154",MMR,Myanmar,Tanintharyi,Myeik
"579","9",2.22488668861,0.02608884585,"53","2","154",MMR,Myanmar,Tanintharyi,Myeik
"580","3",2.19281807900,0.02832048884,"52","2","154",MMR,Myanmar,Tanintharyi,Myeik
"581","13",1.58439693976,0.11310341789,"46","0","154",MMR,Myanmar,Tanintharyi,Myeik
"582","4",0.73718841096,0.46100778574,"44","0","154",MMR,Myanmar,Tanintharyi,Myeik
"583","10",-0.62172235131,0.53412445538,"47","0","154",MMR,Myanmar,Tanintharyi,Myeik
"584","4",-0.32869478846,0.74238639441,"49","0","154",MMR,Myanmar,Tanintharyi,Myeik
"585","7",0.60711432537,0.54377504719,"64","0","154",MMR,Myanmar,Tanintharyi,Myeik
"586","21",1.06760759929,0.28569757027,"72","0","154",MMR,Myanmar,Tanintharyi,Myeik
"587","18",1.36751669368,0.17146340838,"78","0","154",MMR,Myanmar,Tanintharyi,Myeik
"588","7",1.16883452310,0.24247032850,"81","0","154",MMR,Myanmar,Tanintharyi,Myeik
"589","15",1.16260414245,0.24499016940,"83","0","154",MMR,Myanmar,Tanintharyi,Myeik
"590","8",1.13223227151,0.25753681461,"87","0","154",MMR,Myanmar,Tanintharyi,Myeik
"591","1",1.31654226200,0.18799210338,"91","0","154",MMR,Myanmar,Tanintharyi,Myeik
"592","5",2.04032930440,0.04131753797,"92","2","154",MMR,Myanmar,Tanintharyi,Myeik
"593","29",2.45423362103,0.01411852239,"91","2","154",MMR,Myanmar,Tanintharyi,Myeik
"594","1",2.25999363291,0.02382164601,"91","2","154",MMR,Myanmar,Tanintharyi,Myeik
"595","4",3.50393772606,0.00045843255,"98","3","154",MMR,Myanmar,Tanintharyi,Myeik
"596","12",4.12992253408,0.00003628855,"98","3","154",MMR,Myanmar,Tanintharyi,Myeik
"597","62",4.60419597382,0.00000414062,"97","3","154",MMR,Myanmar,Tanintharyi,Myeik
"598","37",4.75039315821,0.00000203022,"95","3","154",MMR,Myanmar,Tanintharyi,Myeik
"599","3",4.46138016501,0.00000814335,"91","3","154",MMR,Myanmar,Tanintharyi,Myeik
"600","24",4.62368835963,0.00000376976,"88","3","154",MMR,Myanmar,Tanintharyi,Myeik
"601","5",4.96418757415,0.00000068989,"83","3","154",MMR,Myanmar,Tanintharyi,Myeik
"602","23",5.20570127224,0.00000019327,"80","3","154",MMR,Myanmar,Tanintharyi,Myeik
"603","4",5.02985922358,0.00000049084,"74","3","154",MMR,Myanmar,Tanintharyi,Myeik
"604","1",1.37732170698,0.16841280692,"49","0","154",MMR,Myanmar,Tanintharyi,Myeik
"605","21",0.46238443229,0.64380566269,"52","0","154",MMR,Myanmar,Tanintharyi,Myeik
"606","19",0.35631554835,0.72160426724,"54","0","154",MMR,Myanmar,Tanintharyi,Myeik
"624","5",2.03055915130,0.04229973503,"55","2","154",MMR,Myanmar,Tanintharyi,Myeik
"625","2",2.02762320525,0.04259871880,"57","2","154",MMR,Myanmar,Tanintharyi,Myeik
"626","3",2.10815083720,0.03501794425,"57","2","154",MMR,Myanmar,Tanintharyi,Myeik
"627","1",2.30381223482,0.02123318603,"54","2","154",MMR,Myanmar,Tanintharyi,Myeik
"628","1",2.24528129310,0.02475008018,"51","2","154",MMR,Myanmar,Tanintharyi,Myeik
"629","2",-0.39524345289,0.69266322796,"44","0","154",MMR,Myanmar,Tanintharyi,Myeik
"630","10",-0.66248062453,0.50766325236,"49","0","154",MMR,Myanmar,Tanintharyi,Myeik
"631","6",-0.01475110158,0.98823075061,"61","0","154",MMR,Myanmar,Tanintharyi,Myeik
"632","24",0.53101978775,0.59540506919,"68","0","154",MMR,Myanmar,Tanintharyi,Myeik
"633","3",1.46741479914,0.14226325106,"76","0","154",MMR,Myanmar,Tanintharyi,Myeik
"634","5",1.23714017155,0.21603507189,"81","0","154",MMR,Myanmar,Tanintharyi,Myeik
"635","36",0.98492272588,0.32466204231,"85","0","154",MMR,Myanmar,Tanintharyi,Myeik
"636","1",0.85726286228,0.39129963680,"88","0","154",MMR,Myanmar,Tanintharyi,Myeik
"637","10",1.14520082742,0.25212599499,"93","0","154",MMR,Myanmar,Tanintharyi,Myeik
"638","5",1.79905182641,0.07201048295,"94","1","154",MMR,Myanmar,Tanintharyi,Myeik
"639","27",2.32089276059,0.02029263237,"96","2","154",MMR,Myanmar,Tanintharyi,Myeik
"640","8",2.45693562122,0.01401277958,"97","2","154",MMR,Myanmar,Tanintharyi,Myeik
"641","3",2.73487067619,0.00624047884,"98","3","154",MMR,Myanmar,Tanintharyi,Myeik
"642","8",3.30705261028,0.00094283183,"101","3","154",MMR,Myanmar,Tanintharyi,Myeik
"643","24",4.15479798002,0.00003255751,"105","3","154",MMR,Myanmar,Tanintharyi,Myeik
"644","21",4.63218916086,0.00000361819,"106","3","154",MMR,Myanmar,Tanintharyi,Myeik
"645","15",4.92627410738,0.00000083812,"105","3","154",MMR,Myanmar,Tanintharyi,Myeik
"646","19",4.42210241542,0.00000977451,"104","3","154",MMR,Myanmar,Tanintharyi,Myeik
"647","14",4.69229955917,0.00000270151,"100","3","154",MMR,Myanmar,Tanintharyi,Myeik
"648","23",4.87546133966,0.00000108554,"96","3","154",MMR,Myanmar,Tanintharyi,Myeik
"649","26",5.02527806150,0.00000050270,"94","3","154",MMR,Myanmar,Tanintharyi,Myeik
"650","2",5.19756915363,0.00000020191,"86","3","154",MMR,Myanmar,Tanintharyi,Myeik
"651","1",4.55146169951,0.00000532745,"79","3","154",MMR,Myanmar,Tanintharyi,Myeik
"652","2",2.74739717735,0.00600703410,"65","3","154",MMR,Myanmar,Tanintharyi,Myeik
"653","4",0.86732765697,0.38576251621,"53","0","154",MMR,Myanmar,Tanintharyi,Myeik
"654","6",0.69070553845,0.48975061286,"52","0","154",MMR,Myanmar,Tanintharyi,Myeik
"655","33",0.41431683099,0.67864209024,"52","0","154",MMR,Myanmar,Tanintharyi,Myeik
"656","19",0.28885348567,0.77269350048,"56","0","154",MMR,Myanmar,Tanintharyi,Myeik
"657","1",0.38166073282,0.70271303061,"56","0","154",MMR,Myanmar,Tanintharyi,Myeik
"686","2",2.22488668861,0.02608884585,"53","2","154",MMR,Myanmar,Tanintharyi,Myeik
"687","3",2.33206240164,0.01969740863,"53","2","154",MMR,Myanmar,Tanintharyi,Myeik
"688","2",2.53636827821,0.01120088717,"51","2","154",MMR,Myanmar,Tanintharyi,Myeik
"689","2",-0.37547108535,0.70731014744,"54","0","154",MMR,Myanmar,Tanintharyi,Myeik
"690","14",-0.08910312012,0.92899995777,"57","0","154",MMR,Myanmar,Tanintharyi,Myeik
"691","8",-0.10548345571,0.91599219719,"63","0","154",MMR,Myanmar,Tanintharyi,Myeik
"692","7",1.10565726511,0.26887491114,"70","0","154",MMR,Myanmar,Tanintharyi,Myeik
"693","26",1.32910705464,0.18381265317,"80","0","154",MMR,Myanmar,Tanintharyi,Myeik
"694","23",0.99250453795,0.32095148002,"86","0","154",MMR,Myanmar,Tanintharyi,Myeik
"695","4",0.88674109650,0.37521831664,"87","0","154",MMR,Myanmar,Tanintharyi,Myeik
"696","10",1.18352300454,0.23660195595,"96","0","154",MMR,Myanmar,Tanintharyi,Myeik
"697","16",1.86955555581,0.06154556198,"96","1","154",MMR,Myanmar,Tanintharyi,Myeik
"698","1",2.44952997346,0.01430428038,"99","2","154",MMR,Myanmar,Tanintharyi,Myeik
"699","5",3.45577134148,0.00054872059,"104","3","154",MMR,Myanmar,Tanintharyi,Myeik
"700","13",4.79675784446,0.00000161254,"109","3","154",MMR,Myanmar,Tanintharyi,Myeik
"701","30",5.48482500966,0.00000004139,"110","3","154",MMR,Myanmar,Tanintharyi,Myeik
"702","1",5.33377284600,0.00000009619,"109","3","154",MMR,Myanmar,Tanintharyi,Myeik
"703","8",5.52683477698,0.00000003261,"107","3","154",MMR,Myanmar,Tanintharyi,Myeik
"704","24",5.98380318084,0.00000000218,"105","3","154",MMR,Myanmar,Tanintharyi,Myeik
"705","42",5.98346057319,0.00000000218,"99","3","154",MMR,Myanmar,Tanintharyi,Myeik
"706","39",5.27533821050,0.00000013251,"91","3","154",MMR,Myanmar,Tanintharyi,Myeik
"707","8",2.69052600969,0.00713394737,"68","3","154",MMR,Myanmar,Tanintharyi,Myeik
"708","12",0.43928406453,0.66045572065,"55","0","154",MMR,Myanmar,Tanintharyi,Myeik
"709","5",0.57153112868,0.56763966836,"51","0","154",MMR,Myanmar,Tanintharyi,Myeik
"710","1",1.07524634883,0.28226446577,"52","0","154",MMR,Myanmar,Tanintharyi,Myeik
"711","24",0.52155769144,0.60197832961,"54","0","154",MMR,Myanmar,Tanintharyi,Myeik
"712","26",0.19849556540,0.84265735414,"57","0","154",MMR,Myanmar,Tanintharyi,Myeik
"741","2",2.61004635372,0.00905299548,"48","3","154",MMR,Myanmar,Tanintharyi,Myeik
"742","2",2.58154529925,0.00983590820,"47","3","154",MMR,Myanmar,Tanintharyi,Myeik
"743","2",-0.09219884005,0.92654005963,"54","0","154",MMR,Myanmar,Tanintharyi,Myeik
"744","1",-0.10713685944,0.91468040584,"58","0","154",MMR,Myanmar,Tanintharyi,Myeik
"745","3",0.37948549155,0.70432737691,"65","0","154",MMR,Myanmar,Tanintharyi,Myeik
"746","2",0.89847773762,0.36893091869,"74","0","154",MMR,Myanmar,Tanintharyi,Myeik
"747","19",1.34447761912,0.17879398897,"81","0","154",MMR,Myanmar,Tanintharyi,Myeik
"748","15",0.95629240824,0.33892453622,"85","0","154",MMR,Myanmar,Tanintharyi,Myeik
"749","3",0.77082039060,0.44081340581,"91","0","154",MMR,Myanmar,Tanintharyi,Myeik
"750","7",1.11552931897,0.26462367971,"94","0","154",MMR,Myanmar,Tanintharyi,Myeik
"751","4",1.37641586830,0.16869291795,"95","0","154",MMR,Myanmar,Tanintharyi,Myeik
"752","1",2.90731316438,0.00364548041,"104","3","154",MMR,Myanmar,Tanintharyi,Myeik
"753","3",3.40932666594,0.00065123448,"105","3","154",MMR,Myanmar,Tanintharyi,Myeik
"754","13",4.83071166060,0.00000136046,"106","3","154",MMR,Myanmar,Tanintharyi,Myeik
"755","7",5.46368919357,0.00000004663,"112","3","154",MMR,Myanmar,Tanintharyi,Myeik
"756","1",5.21858572591,0.00000018029,"113","3","154",MMR,Myanmar,Tanintharyi,Myeik
"757","13",4.75724927749,0.00000196249,"113","3","154",MMR,Myanmar,Tanintharyi,Myeik
"758","41",4.84051722243,0.00000129502,"112","3","154",MMR,Myanmar,Tanintharyi,Myeik
"759","21",5.26052540304,0.00000014364,"113","3","154",MMR,Myanmar,Tanintharyi,Myeik
"760","7",5.64053529349,0.00000001695,"112","3","154",MMR,Myanmar,Tanintharyi,Myeik
"761","37",5.77607097440,0.00000000765,"103","3","154",MMR,Myanmar,Tanintharyi,Myeik
"762","24",4.78273526246,0.00000172926,"98","3","154",MMR,Myanmar,Tanintharyi,Myeik
"763","1",3.81938626948,0.00013378412,"93","3","154",MMR,Myanmar,Tanintharyi,Myeik
"764","1",2.18075641786,0.02920143767,"75","2","154",MMR,Myanmar,Tanintharyi,Myeik
"765","3",2.10818945598,0.03501460497,"69","2","154",MMR,Myanmar,Tanintharyi,Myeik
"766","7",1.39775826868,0.16218566992,"63","0","154",MMR,Myanmar,Tanintharyi,Myeik
"767","20",0.19357247025,0.84651065611,"55","0","154",MMR,Myanmar,Tanintharyi,Myeik
"768","3",0.51007528022,0.60999872468,"53","0","154",MMR,Myanmar,Tanintharyi,Myeik
"793","3",-0.08144602101,0.93508725118,"49","0","154",MMR,Myanmar,Tanintharyi,Myeik
"794","9",-0.00762845179,0.99391343513,"60","0","154",MMR,Myanmar,Tanintharyi,Myeik
"795","4",0.25378369808,0.79966266852,"67","0","154",MMR,Myanmar,Tanintharyi,Myeik
"796","13",0.90658823937,0.36462459349,"75","0","154",MMR,Myanmar,Tanintharyi,Myeik
"797","14",1.22738222177,0.21967898836,"81","0","154",MMR,Myanmar,Tanintharyi,Myeik
"798","9",0.76271414129,0.44563390140,"89","0","154",MMR,Myanmar,Tanintharyi,Myeik
"799","21",0.87149000806,0.38348666842,"92","0","154",MMR,Myanmar,Tanintharyi,Myeik
"800","11",1.04812184310,0.29458248893,"96","0","154",MMR,Myanmar,Tanintharyi,Myeik
"801","28",0.93740001314,0.34855284542,"98","0","154",MMR,Myanmar,Tanintharyi,Myeik
"802","10",2.00148503394,0.04534014502,"101","2","154",MMR,Myanmar,Tanintharyi,Myeik
"803","4",2.66422698955,0.00771654740,"106","3","154",MMR,Myanmar,Tanintharyi,Myeik
"804","4",3.96992522303,0.00007189519,"109","3","154",MMR,Myanmar,Tanintharyi,Myeik
"805","5",4.79774467317,0.00000160462,"111","3","154",MMR,Myanmar,Tanintharyi,Myeik
"806","5",5.21670398389,0.00000018213,"116","3","154",MMR,Myanmar,Tanintharyi,Myeik
"807","17",4.61796983659,0.00000387513,"115","3","154",MMR,Myanmar,Tanintharyi,Myeik
"808","7",4.69287412601,0.00000269393,"115","3","154",MMR,Myanmar,Tanintharyi,Myeik
"809","28",4.83065088609,0.00000136087,"119","3","154",MMR,Myanmar,Tanintharyi,Myeik
"810","12",5.19140663129,0.00000020871,"120","3","154",MMR,Myanmar,Tanintharyi,Myeik
"811","27",5.15062256139,0.00000025962,"115","3","154",MMR,Myanmar,Tanintharyi,Myeik
"812","42",4.71030045584,0.00000247352,"107","3","154",MMR,Myanmar,Tanintharyi,Myeik
"813","8",0.75396132407,0.45087245176,"61","0","154",MMR,Myanmar,Tanintharyi,Myeik
"814","16",0.01443240667,0.98848500530,"57","0","154",MMR,Myanmar,Tanintharyi,Myeik
"815","3",0.41533059945,0.67789990485,"54","0","154",MMR,Myanmar,Tanintharyi,Myeik
"836","1",-0.00281040781,0.99775762195,"64","0","154",MMR,Myanmar,Tanintharyi,Myeik
"837","1",0.25578860260,0.79811407528,"68","0","154",MMR,Myanmar,Tanintharyi,Myeik
"838","5",0.80838747361,0.41886756815,"73","0","154",MMR,Myanmar,Tanintharyi,Myeik
"839","7",1.29966456691,0.19371595963,"80","0","154",MMR,Myanmar,Tanintharyi,Myeik
"840","5",0.98116077919,0.32651347464,"87","0","154",MMR,Myanmar,Tanintharyi,Myeik
"841","22",0.86758696119,0.38562049599,"96","0","154",MMR,Myanmar,Tanintharyi,Myeik
"842","4",1.19673657646,0.23140926747,"98","0","154",MMR,Myanmar,Tanintharyi,Myeik
"843","13",2.16493555588,0.03039262082,"103","2","154",MMR,Myanmar,Tanintharyi,Myeik
"844","4",2.68279402885,0.00730099408,"109","3","154",MMR,Myanmar,Tanintharyi,Myeik
"845","13",3.38162786765,0.00072057688,"113","3","154",MMR,Myanmar,Tanintharyi,Myeik
"846","8",3.82731344821,0.00012954950,"115","3","154",MMR,Myanmar,Tanintharyi,Myeik
"847","18",4.61340295072,0.00000396129,"117","3","154",MMR,Myanmar,Tanintharyi,Myeik
"848","12",4.69129395654,0.00000271483,"119","3","154",MMR,Myanmar,Tanintharyi,Myeik
"849","12",4.38599007347,0.00001154594,"121","3","154",MMR,Myanmar,Tanintharyi,Myeik
"850","11",4.36015656903,0.00001299694,"123","3","154",MMR,Myanmar,Tanintharyi,Myeik
"851","6",5.06952540115,0.00000039881,"121","3","154",MMR,Myanmar,Tanintharyi,Myeik
"852","15",4.94746552121,0.00000075186,"121","3","154",MMR,Myanmar,Tanintharyi,Myeik
"853","26",4.34084822497,0.00001419337,"117","3","154",MMR,Myanmar,Tanintharyi,Myeik
"854","25",4.01072302459,0.00006053309,"113","3","154",MMR,Myanmar,Tanintharyi,Myeik
"855","2",3.78631068372,0.00015290049,"106","3","154",MMR,Myanmar,Tanintharyi,Myeik
"856","47",1.46778071098,0.14216379863,"88","0","154",MMR,Myanmar,Tanintharyi,Myeik
"857","32",0.98258535046,0.32581157011,"77","0","154",MMR,Myanmar,Tanintharyi,Myeik
"858","2",0.99905803950,0.31776658965,"61","0","154",MMR,Myanmar,Tanintharyi,Myeik
"872","1",0.09458823666,0.92464189374,"74","0","154",MMR,Myanmar,Tanintharyi,Myeik
"873","19",0.86784141356,0.38548116417,"80","0","154",MMR,Myanmar,Tanintharyi,Myeik
"874","2",1.15295545353,0.24892868881,"83","0","154",MMR,Myanmar,Tanintharyi,Myeik
"875","2",0.97119561030,0.33145089179,"93","0","154",MMR,Myanmar,Tanintharyi,Myeik
"876","9",1.23250713692,0.21775972569,"98","0","154",MMR,Myanmar,Tanintharyi,Myeik
"877","1",1.57165319403,0.11603100273,"105","0","154",MMR,Myanmar,Tanintharyi,Myeik
"878","2",2.81917879115,0.00481466919,"109","3","154",MMR,Myanmar,Tanintharyi,Myeik
"879","8",2.87020308333,0.00410208246,"115","3","154",MMR,Myanmar,Tanintharyi,Myeik
"880","7",3.63317077834,0.00027995959,"116","3","154",MMR,Myanmar,Tanintharyi,Myeik
"881","11",4.22324356688,0.00002408113,"121","3","154",MMR,Myanmar,Tanintharyi,Myeik
"882","17",4.62121454506,0.00000381500,"124","3","154",MMR,Myanmar,Tanintharyi,Myeik
"883","15",4.39826476573,0.00001091198,"127","3","154",MMR,Myanmar,Tanintharyi,Myeik
"884","14",4.75806487030,0.00000195458,"124","3","154",MMR,Myanmar,Tanintharyi,Myeik
"885","5",4.84488122853,0.00000126687,"123","3","154",MMR,Myanmar,Tanintharyi,Myeik
"886","1",3.88061278492,0.00010419361,"124","3","154",MMR,Myanmar,Tanintharyi,Myeik
"887","20",3.55598288986,0.00037656859,"121","3","154",MMR,Myanmar,Tanintharyi,Myeik
"888","21",3.49905896361,0.00046690332,"113","3","154",MMR,Myanmar,Tanintharyi,Myeik
"889","4",2.11553020951,0.03438478298,"97","2","154",MMR,Myanmar,Tanintharyi,Myeik
"890","13",0.51789227884,0.60453343150,"86","0","154",MMR,Myanmar,Tanintharyi,Myeik
"891","5",0.60337906005,0.54625655243,"74","0","154",MMR,Myanmar,Tanintharyi,Myeik
"900","1",-0.18494332395,0.85327348958,"73","0","154",MMR,Myanmar,Tanintharyi,Myeik
"901","1",-0.18610535894,0.85236213960,"90","0","154",MMR,Myanmar,Tanintharyi,Myeik
"902","7",2.76853903856,0.00563082393,"111","3","154",MMR,Myanmar,Tanintharyi,Myeik
"903","10",2.99459306446,0.00274811207,"117","3","154",MMR,Myanmar,Tanintharyi,Myeik
"904","8",3.95621935278,0.00007614525,"123","3","154",MMR,Myanmar,Tanintharyi,Myeik
"905","18",4.20708039769,0.00002586911,"127","3","154",MMR,Myanmar,Tanintharyi,Myeik
"906","14",4.31860461238,0.00001570188,"127","3","154",MMR,Myanmar,Tanintharyi,Myeik
"907","15",4.05572610632,0.00004997880,"127","3","154",MMR,Myanmar,Tanintharyi,Myeik
"908","8",3.71156238315,0.00020598389,"124","3","154",MMR,Myanmar,Tanintharyi,Myeik
"909","1",3.45833498590,0.00054352512,"121","3","154",MMR,Myanmar,Tanintharyi,Myeik
"910","12",3.23767389718,0.00120508471,"114","3","154",MMR,Myanmar,Tanintharyi,Myeik
"911","12",3.26632397215,0.00108953522,"107","3","154",MMR,Myanmar,Tanintharyi,Myeik
"912","10",2.45042070798,0.01426893860,"100","2","154",MMR,Myanmar,Tanintharyi,Myeik
"916","2",1.47788105285,0.13943961857,"110","0","154",MMR,Myanmar,Tanintharyi,Myeik
"917","6",1.78874488389,0.07365591091,"117","1","154",MMR,Myanmar,Tanintharyi,Myeik
"918","16",2.86558886890,0.00416234426,"123","3","154",MMR,Myanmar,Tanintharyi,Myeik
"919","19",3.17221110131,0.00151282995,"124","3","154",MMR,Myanmar,Tanintharyi,Myeik
"920","37",3.14834492027,0.00164197822,"123","3","154",MMR,Myanmar,Tanintharyi,Myeik
"921","10",3.33517669901,0.00085245213,"122","3","154",MMR,Myanmar,Tanintharyi,Myeik
"922","3",3.17352859937,0.00150598064,"121","3","154",MMR,Myanmar,Tanintharyi,Myeik
"923","1",3.18153238034,0.00146498145,"112","3","154",MMR,Myanmar,Tanintharyi,Myeik
"924","5",2.96632644567,0.00301380407,"106","3","154",MMR,Myanmar,Tanintharyi,Myeik
"925","12",2.59178843436,0.00954784676,"98","3","154",MMR,Myanmar,Tanintharyi,Myeik
"926","13",1.83206352658,0.06694195660,"93","1","154",MMR,Myanmar,Tanintharyi,Myeik
"927","1",0.66998923178,0.50286465903,"85","0","154",MMR,Myanmar,Tanintharyi,Myeik
"928","1",-0.57701565023,0.56392888618,"74","0","154",MMR,Myanmar,Tanintharyi,Myeik
"933","1",-1.74676851889,0.08067749944,"11","-1","154",MMR,Myanmar,Tanintharyi,Myeik
"934","1",0.89674759962,0.36985362478,"117","0","154",MMR,Myanmar,Tanintharyi,Myeik
"935","42",1.87136549989,0.06129443745,"119","1","154",MMR,Myanmar,Tanintharyi,Myeik
"936","71",2.31097211444,0.02083439521,"121","2","154",MMR,Myanmar,Tanintharyi,Myeik
"937","54",2.25160430019,0.02434728908,"123","2","154",MMR,Myanmar,Tanintharyi,Myeik
"938","15",2.47371862103,0.01337149644,"121","2","154",MMR,Myanmar,Tanintharyi,Myeik
"939","10",2.69085191417,0.00712698229,"108","3","154",MMR,Myanmar,Tanintharyi,Myeik
"940","1",2.37831726616,0.01739185469,"99","2","154",MMR,Myanmar,Tanintharyi,Myeik
"941","12",1.40529063158,0.15993487303,"92","0","154",MMR,Myanmar,Tanintharyi,Myeik
"942","2",0.53687676921,0.59135274096,"86","0","154",MMR,Myanmar,Tanintharyi,Myeik
"943","12",-0.61131958997,0.54098802774,"79","0","154",MMR,Myanmar,Tanintharyi,Myeik
"944","3",-1.21724119100,0.22351248493,"67","0","154",MMR,Myanmar,Tanintharyi,Myeik
"952","2",0.59875636351,0.54933536828,"116","0","154",MMR,Myanmar,Tanintharyi,Myeik
"953","3",1.21719321728,0.22353073288,"118","0","154",MMR,Myanmar,Tanintharyi,Myeik
"954","1",1.24665057147,0.21252567419,"120","0","154",MMR,Myanmar,Tanintharyi,Myeik
"955","11",1.36099132683,0.17351643037,"120","0","154",MMR,Myanmar,Tanintharyi,Myeik
"956","4",1.81018715145,0.07026676943,"120","1","154",MMR,Myanmar,Tanintharyi,Myeik
"957","1",1.74663874195,0.08070002249,"115","1","154",MMR,Myanmar,Tanintharyi,Myeik
"958","2",1.82780818088,0.06757834501,"104","1","154",MMR,Myanmar,Tanintharyi,Myeik
"959","4",1.21718777017,0.22353280489,"84","0","154",MMR,Myanmar,Tanintharyi,Myeik
"960","1",0.04683713618,0.96264303111,"78","0","154",MMR,Myanmar,Tanintharyi,Myeik
"961","1",-0.99341392207,0.32050829287,"70","0","154",MMR,Myanmar,Tanintharyi,Myeik
"977","1",-0.99988384484,0.31736673682,"55","0","154",MMR,Myanmar,Tanintharyi,Myeik
"978","1",-0.51794222498,0.60449858215,"65","0","154",MMR,Myanmar,Tanintharyi,Myeik
"979","2",-0.86081788723,0.38933836065,"73","0","154",MMR,Myanmar,Tanintharyi,Myeik
"980","10",-0.58465464772,0.55877995757,"80","0","154",MMR,Myanmar,Tanintharyi,Myeik
"981","7",0.05920912201,0.95278554408,"85","0","154",MMR,Myanmar,Tanintharyi,Myeik
"982","3",0.72457277438,0.46871417182,"91","0","154",MMR,Myanmar,Tanintharyi,Myeik
"983","1",0.08295949757,0.93388374481,"109","0","154",MMR,Myanmar,Tanintharyi,Myeik
"984","3",0.84778726884,0.39655646300,"115","0","154",MMR,Myanmar,Tanintharyi,Myeik
"985","3",1.09172149639,0.27495555065,"113","0","154",MMR,Myanmar,Tanintharyi,Myeik
"986","2",0.95331122775,0.34043241616,"108","0","154",MMR,Myanmar,Tanintharyi,Myeik
"987","3",-0.36757993913,0.71318647616,"75","0","154",MMR,Myanmar,Tanintharyi,Myeik
"1001","3",-1.84938194776,0.06440268025,"11","-1","154",MMR,Myanmar,Tanintharyi,Myeik
"1002","2",-2.06378707070,0.03903790948,"13","-2","154",MMR,Myanmar,Tanintharyi,Myeik
"1003","7",-1.30032617497,0.19348920058,"68","0","154",MMR,Myanmar,Tanintharyi,Myeik
"1004","4",-1.11552968558,0.26462352270,"76","0","154",MMR,Myanmar,Tanintharyi,Myeik
"1005","4",-0.38267949183,0.70195742308,"81","0","154",MMR,Myanmar,Tanintharyi,Myeik
"1006","10",0.36091947178,0.71815964766,"89","0","154",MMR,Myanmar,Tanintharyi,Myeik
"1007","3",0.52457068555,0.59988167174,"96","0","154",MMR,Myanmar,Tanintharyi,Myeik
"1008","7",0.13134769486,0.89550026357,"101","0","154",MMR,Myanmar,Tanintharyi,Myeik
"1009","3",-0.02696114675,0.97849072315,"112","0","154",MMR,Myanmar,Tanintharyi,Myeik
"1010","17",-0.14357296357,0.88583769141,"110","0","154",MMR,Myanmar,Tanintharyi,Myeik
"1011","9",-0.15452507849,0.87719573897,"107","0","154",MMR,Myanmar,Tanintharyi,Myeik
"1012","2",0.03131823218,0.97501575036,"100","0","154",MMR,Myanmar,Tanintharyi,Myeik
"1013","8",0.06190948517,0.95063491391,"89","0","154",MMR,Myanmar,Tanintharyi,Myeik
"1014","5",-0.68797705371,0.49146723615,"78","0","154",MMR,Myanmar,Tanintharyi,Myeik
"1015","1",-1.23214267747,0.21789581502,"71","0","154",MMR,Myanmar,Tanintharyi,Myeik
"1029","1",-1.73320506971,0.08305922627,"10","-1","154",MMR,Myanmar,Tanintharyi,Myeik
"1030","2",-1.86098202519,0.06274671510,"12","-1","154",MMR,Myanmar,Tanintharyi,Myeik
"1031","1",-1.51623449706,0.12946006802,"22","0","154",MMR,Myanmar,Tanintharyi,Myeik
"1032","9",-1.44264645741,0.14912008926,"28","0","154",MMR,Myanmar,Tanintharyi,Myeik
"1033","1",-1.35997505832,0.17383781682,"35","0","154",MMR,Myanmar,Tanintharyi,Myeik
"1034","3",-1.73456098952,0.08281859423,"64","-1","154",MMR,Myanmar,Tanintharyi,Myeik
"1035","2",-0.62039108565,0.53500034339,"75","0","154",MMR,Myanmar,Tanintharyi,Myeik
"1036","2",0.25562738463,0.79823857116,"83","0","154",MMR,Myanmar,Tanintharyi,Myeik
"1037","22",0.28059565866,0.77902054654,"91","0","154",MMR,Myanmar,Tanintharyi,Myeik
"1038","6",-0.02033817107,0.98377360596,"95","0","154",MMR,Myanmar,Tanintharyi,Myeik
"1039","1",-0.39505336396,0.69280350642,"98","0","154",MMR,Myanmar,Tanintharyi,Myeik
"1040","1",-0.55207322399,0.58089818865,"105","0","154",MMR,Myanmar,Tanintharyi,Myeik
"1041","1",-0.60382265845,0.54596155659,"102","0","154",MMR,Myanmar,Tanintharyi,Myeik
"1042","2",-0.87795593015,0.37996764442,"98","0","154",MMR,Myanmar,Tanintharyi,Myeik
"1043","1",-1.13458139770,0.25655076982,"91","0","154",MMR,Myanmar,Tanintharyi,Myeik
"1044","2",-2.22280753748,0.02622878062,"73","-2","154",MMR,Myanmar,Tanintharyi,Myeik
"1045","7",-2.34612790525,0.01896959649,"66","-2","154",MMR,Myanmar,Tanintharyi,Myeik
"1046","1",-1.97575049708,0.04818304259,"57","-2","154",MMR,Myanmar,Tanintharyi,Myeik
"1056","1",-1.41365558732,0.15746305149,"16","0","154",MMR,Myanmar,Tanintharyi,Myeik
"1057","5",-1.41908755422,0.15587349194,"53","0","154",MMR,Myanmar,Tanintharyi,Myeik
"1058","16",-1.34246651819,0.17944477946,"64","0","154",MMR,Myanmar,Tanintharyi,Myeik
"1059","1",0.11916954086,0.90514103755,"79","0","154",MMR,Myanmar,Tanintharyi,Myeik
"1060","5",-0.24188365981,0.80887031203,"90","0","154",MMR,Myanmar,Tanintharyi,Myeik
"1061","7",-0.37910656396,0.70460873299,"94","0","154",MMR,Myanmar,Tanintharyi,Myeik
"1062","7",-1.12000697992,0.26271080588,"99","0","154",MMR,Myanmar,Tanintharyi,Myeik
"1063","1",-0.98174030207,0.32622781783,"95","0","154",MMR,Myanmar,Tanintharyi,Myeik
"1064","1",-2.29822387547,0.02154905049,"82","-2","154",MMR,Myanmar,Tanintharyi,Myeik
"1065","6",-2.48579577207,0.01292621227,"65","-2","154",MMR,Myanmar,Tanintharyi,Myeik
"1076","5",-0.80203879928,0.42253052220,"39","0","154",MMR,Myanmar,Tanintharyi,Myeik
"1077","19",-0.85178308201,0.39433450654,"43","0","154",MMR,Myanmar,Tanintharyi,Myeik
"1078","12",-1.13225328269,0.25752798354,"49","0","154",MMR,Myanmar,Tanintharyi,Myeik
"1079","2",-1.69965575898,0.08919569556,"57","-1","154",MMR,Myanmar,Tanintharyi,Myeik
"1080","3",-1.32131223312,0.18639727671,"60","0","154",MMR,Myanmar,Tanintharyi,Myeik
"1081","1",-0.29209278912,0.77021568023,"74","0","154",MMR,Myanmar,Tanintharyi,Myeik
"1082","4",-0.17776254646,0.85890946249,"81","0","154",MMR,Myanmar,Tanintharyi,Myeik
"1083","3",-0.44830607571,0.65393231775,"88","0","154",MMR,Myanmar,Tanintharyi,Myeik
"1084","2",-0.40529361891,0.68526169743,"89","0","154",MMR,Myanmar,Tanintharyi,Myeik
"1085","9",-1.70000271204,0.08913041539,"81","-1","154",MMR,Myanmar,Tanintharyi,Myeik
"1086","1",-2.31904736648,0.02039246817,"49","-2","154",MMR,Myanmar,Tanintharyi,Myeik
"1095","1",-0.47050811476,0.63799203957,"34","0","154",MMR,Myanmar,Tanintharyi,Myeik
"1096","4",-0.97535702970,0.32938320320,"41","0","154",MMR,Myanmar,Tanintharyi,Myeik
"1097","9",-1.06591050811,0.28646411429,"46","0","154",MMR,Myanmar,Tanintharyi,Myeik
"1098","18",-1.02305564675,0.30628155033,"48","0","154",MMR,Myanmar,Tanintharyi,Myeik
"1099","16",-1.43099596678,0.15243137106,"53","0","154",MMR,Myanmar,Tanintharyi,Myeik
"1100","25",-1.47315103591,0.14071031451,"54","0","154",MMR,Myanmar,Tanintharyi,Myeik
"1101","1",-1.50583921458,0.13210845384,"64","0","154",MMR,Myanmar,Tanintharyi,Myeik
"1102","2",-0.76323953322,0.44532056221,"81","0","154",MMR,Myanmar,Tanintharyi,Myeik
"1103","2",-0.83982287470,0.40100771414,"80","0","154",MMR,Myanmar,Tanintharyi,Myeik
"1104","5",-1.21347954916,0.22494655114,"79","0","154",MMR,Myanmar,Tanintharyi,Myeik
"1105","3",-1.88993827035,0.05876621642,"80","-1","154",MMR,Myanmar,Tanintharyi,Myeik
"1106","6",-2.87125611910,0.00408844123,"71","-3","154",MMR,Myanmar,Tanintharyi,Myeik
"1107","5",-2.85426803753,0.00431361200,"69","-3","154",MMR,Myanmar,Tanintharyi,Myeik
"1108","4",-2.85067765834,0.00436261712,"66","-3","154",MMR,Myanmar,Tanintharyi,Myeik
"1109","1",-2.46056121112,0.01387199065,"56","-2","154",MMR,Myanmar,Tanintharyi,Myeik
"1115","9",-0.88986886468,0.37353631364,"44","0","154",MMR,Myanmar,Tanintharyi,Myeik
"1116","10",-1.11044985295,0.26680524368,"48","0","154",MMR,Myanmar,Tanintharyi,Myeik
"1117","18",-1.34015061636,0.18019638297,"52","0","154",MMR,Myanmar,Tanintharyi,Myeik
"1118","29",-1.50300758551,0.13283708792,"55","0","154",MMR,Myanmar,Tanintharyi,Myeik
"1119","5",-1.56160838994,0.11838027178,"57","0","154",MMR,Myanmar,Tanintharyi,Myeik
"1120","3",-1.69700583020,0.08969555828,"61","-1","154",MMR,Myanmar,Tanintharyi,Myeik
"1121","1",-2.14409138628,0.03202556512,"74","-2","154",MMR,Myanmar,Tanintharyi,Myeik
"1122","2",-2.44591655514,0.01444844362,"71","-2","154",MMR,Myanmar,Tanintharyi,Myeik
"1123","6",-2.86273602407,0.00420000317,"70","-3","154",MMR,Myanmar,Tanintharyi,Myeik
"1124","1",-2.94409649558,0.00323898995,"67","-3","154",MMR,Myanmar,Tanintharyi,Myeik
"1125","39",-2.87411600346,0.00405160120,"62","-3","154",MMR,Myanmar,Tanintharyi,Myeik
"1126","29",-2.87078541110,0.00409453377,"60","-3","154",MMR,Myanmar,Tanintharyi,Myeik
"1127","1",-1.02528363013,0.30522939188,"47","0","154",MMR,Myanmar,Tanintharyi,Myeik
"1128","2",-1.87561867007,0.06070766086,"58","-1","154",MMR,Myanmar,Tanintharyi,Myeik
"1129","6",-2.56496936416,0.01031849152,"56","-2","154",MMR,Myanmar,Tanintharyi,Myeik
"1130","1",-2.54722496602,0.01085834082,"54","-2","154",MMR,Myanmar,Tanintharyi,Myeik
"1131","1",-1.24083061666,0.21466835218,"21","0","154",MMR,Myanmar,Tanintharyi,Myeik
"1132","1",-1.19406547456,0.23245237882,"49","0","154",MMR,Myanmar,Tanintharyi,Myeik
"1133","1",-1.52672088903,0.12683043079,"51","0","154",MMR,Myanmar,Tanintharyi,Myeik
"1134","2",-1.99248348563,0.04631803537,"54","-2","154",MMR,Myanmar,Tanintharyi,Myeik
"1135","3",-2.21896889156,0.02648884099,"50","-2","154",MMR,Myanmar,Tanintharyi,Myeik
"1136","3",-2.35365009874,0.01859010081,"50","-2","154",MMR,Myanmar,Tanintharyi,Myeik
"1137","4",-2.36208036619,0.01817270218,"47","-2","154",MMR,Myanmar,Tanintharyi,Myeik
"1138","1",-1.14758807310,0.25113867515,"21","0","154",MMR,Myanmar,Tanintharyi,Myeik
"1139","8",-2.29564635084,0.02169611027,"44","-2","154",MMR,Myanmar,Tanintharyi,Myeik
"1140","3",-2.19728002399,0.02800045342,"42","-2","154",MMR,Myanmar,Tanintharyi,Myeik
"1141","4",-1.94858043279,0.05134555077,"38","-1","154",MMR,Myanmar,Tanintharyi,Myeik
"1142","2",-1.78245707137,0.07467472579,"34","-1","154",MMR,Myanmar,Tanintharyi,Myeik
"1143","1",-1.35462912043,0.17553575074,"25","0","154",MMR,Myanmar,Tanintharyi,Myeik
"1144","1",-1.00505027972,0.31487265328,"15","0","154",MMR,Myanmar,Tanintharyi,Myeik
"1145","3",-1.80908125058,0.07043838147,"37","-1","154",MMR,Myanmar,Tanintharyi,Myeik
"1146","5",-1.88132330395,0.05992795283,"36","-1","154",MMR,Myanmar,Tanintharyi,Myeik
"1147","3",-1.46216359080,0.14369638625,"30","0","154",MMR,Myanmar,Tanintharyi,Myeik
"1148","1",-1.71785688071,0.08582272344,"7","-1","154",MMR,Myanmar,Tanintharyi,Myeik
"1149","1",-1.29687840214,0.19467302887,"4","0","154",MMR,Myanmar,Tanintharyi,Myeik
"1150","1",-1.12264036734,0.26159028209,"3","0","154",MMR,Myanmar,Tanintharyi,Myeik
